IDENTIFIER,A,A.1,A.2,A.3,A.4,A.5,A.6,A.7,A.8,A.9,A.10,A.11,A.12,A.13,A.14,A.15,A.16,A.17,A.18,A.19,A.20,A.21,A.22,A.23,A.24,A.25,A.26,A.27,A.28,A.29,A.30,A.31,A.32,A.33,A.34,A.35,A.36,A.37,A.38,A.39,A.40,A.41,A.42,A.43,A.44,A.45,A.46,A.47,A.48,A.49,B,B.1,B.2,B.3,B.4,B.5,B.6,B.7,B.8,B.9,B.10,B.11,B.12,B.13,B.14,B.15,B.16,B.17,B.18,B.19,B.20,B.21,B.22,B.23,B.24,B.25,B.26,B.27,B.28,B.29,B.30,B.31,B.32,B.33,B.34,B.35,B.36,B.37,B.38,B.39,B.40,B.41,B.42,B.43,B.44,B.45,B.46,B.47,B.48,B.49
0,0.9777695769732662,-0.719929,1.1600177819956015,1.994675823128947,-1.1716,-1.20265,2.0595449099653793,1.3529211181404528,-2.30527,0.9579085696271579,-2.40571,-2.37622,0.24590649841906526,-9.51028,-8.75514,-2.92339,-4.99047,0.547369680946604,-4.54323,-7.12986,2.006576450675402,-1.15984,-0.8910714287413087,-6.96883,-2.65891,-0.5763210470328507,-5.68174,0.5956611352762944,-3.021,-1.51586,-3.02897,2.220587308736499,-0.0860637,-5.32661,1.4162462899605415,-6.09785,0.0713434400681352,-9.65807,-6.79562,0.10784043810664656,1.2998128437298668,-0.30978181610067357,-0.595483,-1.49633,-7.28585,-3.70538,-2.28146,1.6672142464331696,0.4380484580041842,-8.93378,0.5190497130458975,-1.85585,-3.27584,1.1351884825195595,1.647604223747238,1.5408785184107878,-4.07518,-1.63037,0.49599417963809794,1.5925480788324975,-2.55362,-0.797201,-5.61096,-5.98821,1.4535557344286938,1.901847791176111,-0.412988,1.6436132266334023,0.5307223642804413,-3.2688,0.6198181357327827,2.045848563080241,-0.119762,2.0618209569961663,-12.9642,1.4377262708998837,-0.7036764189477496,-1.56332,-0.9481736327418823,-10.1287,-1.02963,0.4720390563578057,2.0118824632487597,-2.40671,-4.14863,-2.57723,1.5105872725911176,0.5462641936238116,-2.73514,0.9373788071377791,-0.8368351195843147,1.5723796594774948,-3.38114,-1.73473,-1.95336,-7.29041,0.4488246802532193,0.16455635254113926,-1.9873802702309469,-1.12946
1,3.54775070308125,-8.94037,-13.2947,-67.4257,-1.00443,-5.61894,-3.39451,2.129541561898866,2.429297035937902,-25.8401,-30.775,-11.5026,2.8204617993467296,3.2476071003378757,-32.1644,-25.2477,2.8585886503874445,3.4591643574166877,1.6037055135856981,-12.5747,3.4058764178788867,-11.9458,3.192917811996488,3.4016506122709775,2.8899939087423854,2.542294666896731,2.529609105570346,-18.189,-3.75817,-16.2349,-12.6379,-11.2844,-9.75155,-6.72686,-2.47056,2.226936550155074,1.1526047703033433,3.463104318216411,-32.9024,3.211287103219525,-4.53299,-22.9174,-12.1582,1.1372270490383107,3.2889278685675074,-21.4639,-0.990131,-3.7864,-37.6405,-26.8546,2.7469439377275693,2.909972839828976,3.1177817505479375,2.6332979188612136,2.3897622895681816,-0.635223,3.6435263763896963,-17.7801,-9.34777,2.525144473713834,-42.5755,3.5629476825072626,-13.1565,-5.81822,4.031784527034242,-17.7596,-8.54169,3.8460690830827113,-27.0436,-14.0949,2.065195547662596,1.9176341237035766,2.6249294277078277,2.357158501919205,3.512679124324918,3.3469840386055,2.6597139339059597,-9.05129,-18.3774,-32.0073,2.9732361219760435,-47.8557,2.7508797790775654,3.8403229012629327,-26.4909,-12.7892,-9.01534,2.9694036985064813,-24.8681,-10.6942,-14.7344,-1.72352,3.4636055101238825,-29.2732,0.9481614227473406,2.130369894484307,2.7789993799936,-29.4427,3.293478531763363,1.5425114758277367
2,1.7600417381759197,0.7635823447758469,1.4587917512681499,-0.833622,-6.9074,-5.42428,0.2933634030862242,1.1922119154012598,1.2651600913460235,2.822140501069029,-0.20321715716765879,1.5224934422970664,1.8494433005676068,1.5146216106519452,-4.57911,0.19889184151191758,-2.1694,0.8910016414262307,-2.49829,-1.16256,2.6456924115512366,-10.0484,1.6293444558994354,-4.50071,-0.910476,1.7252260707562603,0.6959532398904068,-6.86665,-3.98613,0.7313529557609837,-4.1219,-0.0366458,-0.199424,-4.13324,2.390998819565034,1.1987712999264706,-9.44411,1.4251905023746423,-6.86672,1.9799098387724423,-4.50828,-3.40808,0.7553564285458334,1.5129270120532565,-3.5461,-4.11427,-1.87483,-2.99566,1.600158996131729,-0.702329,-4.92419,1.8227912960683363,2.5735659737224155,1.8547530475558367,-6.68786,-2.13858,2.2099751642282537,-5.4774,0.6380255146693986,1.5601384185783223,-8.26289,0.9997270593161216,-18.0299,-5.28696,1.3076596201292485,-8.14662,1.9379499793741366,-3.55879,-4.68467,-0.34003,2.1274409170677466,-6.13191,1.9714804251668434,-0.10166734382020877,-1.81317,1.5362605840202008,0.8605412074362095,-4.57153,-1.29218,-6.31563,0.7647280336650335,-0.882269,2.2977785600999585,-1.94244,2.106978884672924,-11.3348,-1.85422,1.5792467102698708,-0.580751,-3.41374,-2.24371,-3.04294,-3.7675720735668556,0.7082032667139286,0.6678909091437805,-2.83985,1.8676288653538107,-1.37087,1.8913800428925758,1.422657630281195
3,-22.1644,-1.9265693931111694,2.166477814192903,3.4138174130182577,-0.0191763,1.3555361398628545,2.4778484659760935,-6.2065,-1.60134,2.299053865542728,2.0844116701039446,2.3412190956048136,-2.97665,-1.71273,2.994456460049939,2.454069363967832,-4.17966,-17.7701,0.6631569352602282,1.8545433268435827,-10.8,1.818794052709615,-11.5664,-5.4935,-11.5199,-6.82792,-1.75184,2.3586629232137497,1.6003890950954822,2.203147005087986,0.7148254986282174,-0.6450658389744675,0.8296472871891327,-0.627889543048544,1.3760243041597777,-1.39111,-7.17986,-16.0555,2.8902217466450395,-16.1635,-1.66742,2.632723024482219,1.0988655899179727,-3.48065,-13.351,2.4928004119071008,-9.47911,-8.25086,2.621336961483399,2.4110806891473446,-4.62651,-1.5491050978951506,-6.91512,-6.29806,-4.16576,-6.27818,-12.5463,1.9796612608440538,1.12333742105491,-8.1053,2.936242320257686,-5.83902,2.0311319495171767,1.0107205242511725,-18.763,1.877493642050683,1.8829688279049586,-16.0226,2.452245707548439,-0.5358955992154371,-5.19311,-2.20056,0.13168594082537483,-0.020060880640704205,-3.09148,-14.3009,-1.76976,2.073117839153115,2.906830019072673,2.7481615431688162,-11.2779,2.7587433154177283,-19.6744,-21.6463,1.9656259378472456,2.0544006184363512,1.8891568632239633,-0.1879489609734554,2.613351167843119,-1.53994,-0.11011736711319586,1.6189425994483464,-19.9013,2.949091298222817,1.640562478518675,-5.14342,-17.4099,2.985141387589195,-12.0559,0.5370078580262094
4,-12.6957,-2.22448,0.2885866631861859,2.0013259342885252,-2.22796,1.3805906257032121,-3.8892,-1.56348,-0.535359,1.6954908302484468,1.783545829453552,-4.33873,-9.53271,1.5837446493599838,1.646068736255887,-0.719849,1.7520306269990582,-3.67314,1.7884857832272831,0.7806542679981797,1.994093326324375,2.263070576684844,-3.20435,-0.3925079162572655,0.42242710331938904,1.8938240592855282,-6.80175,1.64194576002194,1.7531866794604094,-7.24402,-5.36448,-8.88262,-0.845441,1.5293465369096366,1.9839694737723392,-1.6166639575258401,1.9937393073888343,-10.688,-4.34038,-3.77591,0.9403587592078556,1.1517928011388345,-9.87168,-0.693564,-9.40476,1.8269303261060539,0.22005879835228565,-5.01751,0.6819648911573759,-2.09453,-1.93367,1.063910416821659,-7.86545,0.07595127223180471,-3.71836,-4.29611,-3.79973,-2.89993,-2.38513,-7.02985,2.6449612954309214,-3.36323,-1.35789,0.2339806176141404,-6.38466,0.12630660659726037,1.5041085074034446,-0.429061,-1.3317379963419136,-1.71254,-2.76869,-12.7392,-9.17891,1.7637028714455296,1.52438534300043,-3.98822,0.24336177851129528,1.2237224890442115,2.8519196381881433,2.3749336611610237,-2.49533,-1.9350018613477802,-10.4058,-3.96787,-0.915287,-5.26316,-1.94709,-7.64958,2.37646732538475,1.5603863140937333,0.31661203623916356,2.0891653617328547,-3.0996,-1.70307,2.0044310469905318,0.6735616297009708,-7.50463,0.9006937285308433,-7.38824,-8.0879
5,3.755813541091036,1.19715662687887,-17.5564,-55.0275,-3.43382,-9.40359,-14.6605,0.938373111500294,2.242995372981957,-27.3849,-17.9677,-10.6222,2.627584626255174,2.0407228025165276,-31.3448,-20.6276,2.9214181263014902,3.3823271195784144,-0.180775,-11.1422,2.7432693288376533,-4.03197,2.526392423957792,3.6006709972736757,2.294496468090426,-7.42226,2.0574259676221556,-13.7677,-2.58382,-17.0338,-1.26242,-18.9132,-4.3803,-14.3508,-1.31947,0.4855324308633626,0.7693208747827878,3.355418678488857,-28.6901,3.233173129569025,-0.993599,-32.5137,-1.10973,2.2202811640188496,2.3901013425140882,-27.1281,2.0312421404755954,0.4403430718273087,-34.8579,-28.8694,2.603814977991095,2.6661859970035113,3.386117584227062,2.557955728178217,2.3324933487327106,-0.47944485771351786,3.17473165135064,-20.5416,-1.12102,1.8398827444097832,-32.9405,3.662422536051576,-12.9288,-3.19425,3.970699377697142,-20.1221,-21.7309,3.3674578858202353,-32.9022,-11.1764,2.4285743651975285,2.907436435633863,2.6794449440918755,1.9432695228114727,3.5108377257746355,2.4062151122062203,2.650074983180378,-11.0307,-22.9485,-35.8819,2.81396456335869,-41.818,3.10586836796183,3.9436030645239324,-22.2347,-13.6807,-12.6783,2.6283935300180716,-14.6694,-7.12622,-11.0455,-7.86612,3.4191911844787723,-19.3514,1.9098476435100977,1.2151916372207838,2.8547215517783036,-32.4506,3.0947944965416814,2.4305032609086137
6,-23.5066,-0.148088,2.477143259170166,3.8747364206421295,0.7868242093169694,2.665156617878562,1.504626135080757,-11.1436,-15.462,3.1823612069342486,2.838914707411258,1.9662056520671791,-9.3592,-14.382,3.484168106199771,2.8964587500689225,-10.9477,-20.9355,1.061194216447604,2.4665050406074482,-21.0442,1.972237661402258,-1.91161,-17.4384,-1.86331,-3.70257,-16.3715,2.240203178042075,1.1173947879674766,2.668935082373641,-5.27407,2.723733243437395,0.745768093272155,1.335516723232356,-6.44857,-9.26756,-0.507162,-21.5166,2.8725075839181073,-26.687,0.7041761374076794,3.3167173435836843,0.3305906884624359,-8.94839,-17.8826,2.721157260412813,-16.8751,-2.10946,3.223564814354332,3.0900783523986672,-0.116811,-5.21802,-18.3127,-13.8602,1.9023298897320629,-1.62064,-18.7923,2.567346482061258,1.1643875447336751,-6.73333,3.079181480208265,-23.185,2.5018375104479817,-1.59783,-37.2083,2.6005689196910753,1.9435244483903384,-16.8426,1.27986939024168,2.50123921107556,-1.82049,-17.4711,-10.9749,-7.6371,-28.0255,-19.7378,-14.8392,2.96594809591732,2.7606363260906877,3.587043276230916,-7.11371,3.12648418198868,-16.3368,-26.3564,2.3467168043539544,2.656265557952449,1.8289460636818715,-14.8269,2.8345712452203955,1.448743200392379,1.8492954043904533,2.2738326755368807,-25.5492,2.897088041970721,0.6130482213043182,-5.78479,-11.7645,2.600019456888505,-12.7718,-7.70703
7,-6.11252,1.7608173272798524,-2.55259,-1.73567,-7.76658,1.3000036334910317,-5.32889,2.0971795390937986,-11.2517,2.3621267757023614,1.0394176855540358,-0.759498543903445,-4.10396,-0.135480719900433,0.8849734243681461,2.0483971114392987,-0.902537,-2.39776,-1.75591,0.07896828453380958,-0.652251,-7.93169,-8.19243,-0.48098045476433093,-0.405832,-1.0669,-1.37237,1.1062695634336337,-2.34261,-2.74361,0.3278494527588969,-3.91887,0.8807920433852454,-7.75185,1.6029811120907291,0.8045275405417647,-0.37476036077083286,0.7456969352705262,2.435462521830856,0.9085044976737207,-8.72987,-3.93319,-2.77925,-0.0532215,-0.7914702946958891,-1.50545,-0.6948746718141289,-4.01255,-1.1691431279357232,-4.66179,-5.81637,-8.14956,-7.05479,1.4352202303666863,-5.53742,2.558482337446319,-3.0285406298820594,0.9594689882278955,-4.008,1.0046092541769907,-1.2844636679619115,-2.01184,2.666269413753643,-0.336801,0.3597841054827647,-1.85701,-0.1235222233326382,1.7458202372866098,-0.974448,2.2951938448936238,0.9189232637195219,-3.72312,0.6804012957846337,1.4162802566101473,-0.8715707444092693,-9.88301,-4.82624,-2.0556468931141185,0.05349337243999996,1.934407099071758,-0.48612,-3.0307,-1.946576370931832,-0.639801,1.593767774628985,1.9129249261905967,1.6335527971962738,-0.4536894323951816,0.319093526405874,-8.04372,1.1613585797203787,0.4324250670242561,-1.22466,-4.45533,-5.5488,1.5523489079499726,-1.91511,1.7809765418625858,-2.08815,-0.720773
8,3.1305122613590255,-5.55538,-4.55887,-29.9059,-2.25864,-4.87003,-4.47028,-0.12053619712971125,2.3662826356082873,-15.5553,-10.1513,-7.14628,2.667755845134026,1.9197377635694524,-8.41848,-19.0703,2.197042338509511,3.0361205740425836,-2.427706236830027,-1.78044,2.175672887989081,1.3421177879537063,2.9466628203870178,2.659993767686521,1.4644861260861393,2.083340182095493,2.741710612594823,-9.29708,-3.9531,-7.37805,-8.84776,-9.65281,-6.95277,-7.79657,-0.28509475577744153,0.6060958027702942,2.3827354871768742,2.261455759583365,-11.1658,2.518059310003349,-2.71472,-9.4423,-7.40678,1.0533254805740921,2.4794668810376357,-8.57874,1.3100232819052837,2.6028230098896183,-20.7035,-14.9868,1.1395494765533545,1.4943659484995022,2.0949777277038124,2.4420687357779003,2.4170470644610615,-1.57591,2.1297638648273445,-6.41081,-4.23681,1.970231961200379,-15.3913,1.8008992406435589,-0.50827,2.1081735459074027,2.9634931324113407,-10.5647,-4.07614,2.8855825300530036,-7.94129,1.7151699590657463,1.5001898500490816,-0.2949081175435205,-0.72226,-1.616381966668532,2.6265725755373444,2.972391996146063,1.2817224233416709,-5.9822,-7.50314,-13.9042,2.9848078183957654,-21.6136,1.9014491007270813,3.19552531125995,-7.63175,0.7490075300565672,-2.03299,1.9226078909026807,-6.02559,1.4317193456087771,-1.3377,-0.0769099,2.931865526725524,-4.18125,2.0356333219908542,1.8030702603739217,2.091190995714134,-12.4128,2.8694431636036635,-0.8278175072379809
9,2.0752402285102765,-2.96795,-1.55225,-2.89436,-0.07634231258811999,-0.886527,-8.67748,1.5759183567541748,1.5477965238855187,1.9582141435114773,-4.64073,-0.569316,1.2976844344029128,2.287617637392259,-5.0459,-2.52306,1.7260487057272438,1.863189812110965,-2.34093,-1.42161,2.2195143053102804,-6.21609,1.164705850103553,0.6529239650690745,2.1017544958594145,-7.35871,-0.231659,-0.362954,1.9746766819171413,-2.33759,-3.49131,2.041616354327304,-7.89028,-12.3259,0.920876202515783,-2.28742,-4.06895,2.1343415739614686,-4.19502,0.5389873340240061,-7.2319,-3.0144075765190905,0.973630906972303,-0.174445,2.5626081574518524,-9.06614,-6.86691,-3.04717,-6.12232,-2.93345,-0.11185153682819753,1.4338361273171247,-2.45071,2.2068668299350747,-0.027899599480046968,1.794509019082361,1.7826312670011832,-0.666965,0.8553553117649341,1.2773942551635318,-2.30762,2.4189537956194918,-1.79242,1.1920722730675486,1.9600497126090326,1.4580474197829896,-5.23476,2.672125915423556,-3.98147,-8.66608,0.894789222294341,-1.81138,1.8375483085277604,-1.96635,0.9074154629347868,-5.89191,-0.178057,-14.5092,-10.417,-2.87694,1.846025091868109,-4.25325,-1.75798,1.828367798717609,-3.7338,-8.18752,1.7664826860432623,1.986901272129671,-4.12655,-0.322466,-0.788893,-11.0881,1.1889312451364358,-6.78464,-4.75694,-0.454879,2.48438984960312,-1.22004,0.04511675880312303,1.478105243700791
10,2.66336659347557,1.2301258134326476,-1.73702,-14.3786,1.2402044392479723,-0.470043630045757,0.7984616951597391,1.504199611529969,1.9482189103850234,-7.15171,1.0524845770243234,-1.01008,2.585731896644065,-1.08893,1.162062718048493,-3.71224,-0.162373,1.4336620855299675,-1.73225,-0.749646,1.9762758378815741,-4.16872,1.0737695814807744,2.845926308436716,2.423394655206118,0.9123991695584479,1.1834312641008256,-2.09866,0.8413947570201484,-7.52457,-2.14526,-10.3862,0.19545164533687887,0.4933111366792336,-2.04223,2.096464574185071,-4.88417,-1.43024,-5.37456,2.3681012610790635,2.0046088839280016,-7.47028,1.5409963175377113,-1.644138058763694,1.2866425199290459,-0.040565,1.428989799647508,-7.38712,-1.173003993377799,0.6524710087403767,-0.607385,1.5893168344378785,1.9514007622987892,1.2656566296940632,-1.09164,-2.84207,1.5994805015558688,0.8427604389854781,0.752382602590916,-0.234584,-2.76698,-8.73675,0.8812022692016606,-8.99992,1.9804261309776834,-9.08199,-8.69677,2.514732406685242,-6.87532,-0.0821226,0.6590473333629375,1.4581148976578346,1.056953138275085,-4.85883,2.363858915798615,0.5867694810793502,-5.28274,-5.00834,1.5055984615926532,-3.76371,0.1340500081202555,-9.40293,0.7343371073848078,2.8980367510805376,-2.54927,-0.724627,1.1478214126806565,1.5435651682833926,-4.92129,-1.53002,-2.55497,-1.24147,2.2040346692647685,-3.78993,1.3774024449482378,-0.30494488780262485,1.3861893556070046,-15.3001,2.2261456358093556,1.2693419179260659
11,-18.4526,-10.6479,2.829382486269735,3.5512396334448706,1.7319970797491249,-0.916469,2.3277361370740084,-9.49347,-8.76092,3.1717506737948327,2.3907974152268356,2.009822134674777,-4.8914,-5.04157,2.903967800296161,2.8229134226916406,0.7624213458134287,-21.3882,0.35199400542019166,2.6680264989728903,-9.15381,2.3109004245977594,-6.53143,-26.4726,-0.275912,-6.71654,-8.29926,1.5767349525050858,0.7254981974442715,2.2337493520185916,1.469122416876645,2.1550869028737463,2.356874394865757,1.9969915638551121,-2.41308,1.3780706388199164,0.6812264096642516,-24.9352,3.1661077593295452,-13.8554,0.5255211141645941,3.152394083567368,0.4447819704851147,-0.602752,-15.1706,2.6605252362304994,-8.39384,-8.77904,3.419024202127764,2.4556752106239825,-12.9983,-20.1,-17.7701,-13.7687,1.069605633965054,1.2245574786847562,-19.6427,3.116147397779674,1.9184214883057968,-6.7879,2.156564606726419,-6.11193,1.3019693725555683,-7.26555,-23.7866,3.14901972376289,2.6401210493790233,-18.1073,2.8592479539001885,2.308229135379131,-3.12088,-4.69631,-7.43439,-5.27775,-21.7979,-15.017,-16.4415,2.1584652688305512,1.5301241057143748,2.9983837552674824,-8.31051,3.4464352120123385,-7.18854,-32.5938,2.22764923977981,2.6301607291075033,0.3844729736287428,-12.2493,2.661601294050153,-3.09247,2.019724710821478,-3.30302,-20.3099,2.67547879886815,-8.92655,-1.43715,-11.6043,2.9806693958769452,-13.8197,-0.005323142818858818
12,1.9843132203382583,-3.23411,-1.22986,-7.36612,-1.547313239786094,-1.01164,-5.54915,-2.11597,-5.41303,1.547262463707011,-9.58703,-5.27231,-0.971244,1.8881523959836175,-6.43583,0.6854677692160758,-0.567471,1.9985812081747127,-4.29482,2.0953948581110993,-1.7746,-0.9869492755373878,1.7794743147944165,2.0738597423826097,0.3838123704127117,-0.369829,1.0991754633887858,-3.1768,1.4213332657644064,2.1828540361758932,-3.56409,-8.6977,-1.14736,2.4382080467787604,-3.68026,2.1326907969281517,2.252829563008941,0.9410184657989848,-3.03316,2.569959860821465,-2.79719,-5.70082,-3.5636,-4.7248,-0.21030877062775674,-10.1539,-0.0036657105146831177,-3.40215,-5.23069,-12.2853,1.369857513228005,1.9185095875643519,-5.83538,1.3606713783693902,2.033417236493548,-5.58131,2.561667053513839,-1.10856,-4.06425,0.17016462652332312,-3.20284,1.6792643031140606,-0.319107,-4.87602,2.201899189845862,-10.2204,-2.56774,0.3470871273693206,-7.78239,1.5126296110057549,2.0038649916933804,1.5636410638223206,-3.20556,-0.174118,2.4139386146632775,1.5193293805716306,2.6289131942689274,-0.628057,-1.75128,-8.79708,1.1876879225016923,-7.68979,1.9287901488667214,2.468074107419617,-7.96423,-9.25721,-10.9906,1.7396131795645047,-8.79757,-11.2605,-0.04484,2.4432249107933566,1.5844256987767484,-0.6377597784803872,-0.38296905252522156,-0.6205363285315011,2.061572843137353,-6.25485,1.7180178402188986,1.1819234951289643
13,2.919266909549653,0.3251945967115523,-6.93186,-36.9452,0.947397849419802,-8.48773,-6.56696,1.360191629779231,2.3695519134249716,-10.9465,-11.2031,-1.85784,2.7454808515102767,2.282785365693661,-16.2676,-20.5526,1.3570972434625905,2.8990451461923405,-3.436,-9.47794,2.6375275887294967,-1.22124,2.165551575081351,3.0817218787125293,2.103935354022943,-8.95867,1.4944108256595037,-8.75263,-8.27464,-4.17479,1.6290562090169276,-4.37243280300256,-3.38941,0.992114089056209,0.6181865372932024,-0.889534,-0.4504739803812486,2.773981501871779,-21.2767,2.835991833418349,-2.16276,-15.3891,-3.5252719173641065,1.9602651920622105,2.895486433392777,-20.6949,-10.0528,1.815531332855917,-27.8858,-15.9458,0.5012054983889931,-0.315311,2.7913920759185378,2.348370748143179,0.7215402550611631,-11.4194,2.516284185480256,-8.57931,-9.16823,1.7463662788045653,-19.7952,2.959239436361612,-9.31291,-5.76221,3.4947271896659475,-11.1606,-6.75367,2.6983365089145708,-15.7188,-9.82473,1.7203207519545243,2.656827079691075,-0.5770152850633222,-3.43648,3.1852404446623024,2.4555379128162413,1.4099181099959852,-3.3355,-11.9476,-14.7236,2.483322061657762,-25.2272,3.0807854845874556,2.998279027820567,-9.5602,-7.0596,-0.5869420217136293,2.9006740620029996,-10.6319,-5.39886,-4.23873,-6.52954,3.2660608920345635,-11.3699,-0.929611,1.4629034884897807,1.385721697179192,-20.659,2.992622443039735,0.765579463816617
14,2.0427010502322753,-0.5685889263966352,0.8513211845247978,-16.0398,1.5930910271772862,-6.14925,-11.0801,2.2865217657930694,0.40705051734917674,-9.13963,-2.491361034587832,-0.739278,1.999192250169328,2.706569104820412,-12.8787,-3.64492,1.7470514617080761,2.5645877536292123,2.003152924416094,-2.51833,2.3794627973244253,1.122221387640283,1.265763804482143,1.983354560243231,-0.561455,-9.28793,2.753647973419619,-10.2711,-2.42416,-5.63133,-3.7027268888214424,-0.7368441371594019,1.0741932219939758,-5.73136,-0.177174,0.6334343304533261,-0.051806057406988,2.913285010586459,-8.99191,2.584902802946676,0.4438842180121092,-3.25199,-0.370798,-5.80456,2.292370097120181,-11.1129,-1.03471,1.3359690191678255,-6.27101,-8.66823,1.7892429721703917,2.614347395446298,2.2249294506783626,2.830780976482527,1.7495684825098927,-7.89459,2.542711613828574,-4.3329,1.6861674452927737,1.8273727217742524,-12.3657,1.2752203321639313,-6.91232,-4.78355,2.569309070854349,-3.19494,1.4888893061100785,2.604909442182697,-13.9728,-0.974213,2.2826048099180123,-1.1363359629434766,1.314580827700659,1.0350297548734335,1.7969642342422047,2.375779791097091,1.3350852737131487,-2.95507,-9.7178,-16.3086,2.1630954135519707,-15.3544,2.7173600628724324,2.456584332783412,-6.73282,-0.402232,-10.6158,-2.65975,-14.0171,1.6765188239565998,-6.63014,2.3916485297348054,1.9071975353690613,-6.21236,2.1091908597526694,2.488267661920179,2.813112672349213,-3.31231,2.5930433083925783,1.821315035218408
15,-8.00449,-0.810632,-0.795952,2.8917985173684118,-0.794588,-0.092647,1.964454281697962,0.9676642230458575,-2.42111,2.683333921565112,-1.1457542119331843,0.8183206175786144,-8.27395,-13.1488,2.1358608630137508,1.9464371530214684,0.9387369207039852,-7.55345,-4.90962,2.6331757814564813,-1.34511,1.6125550491116662,-6.06754,-15.3309,-6.14558,1.5981726974996224,1.4914401037156337,2.4920229355230687,-1.23321,-1.6952,0.7391620686393927,-5.53403,1.0574812186111535,0.6149856190875664,-2.93523,-8.40648,-0.5926866502463112,-12.2023,1.5409620501320076,-23.1715,0.38915278261585934,2.847301868381637,2.249052451033008,-2.90998,-10.2705,2.2579004396699016,-6.4699,-0.34561207800971927,2.726701839467305,2.6530870230269237,-4.58146,-5.74823,-11.7863,-7.76439,-3.81984,0.0013291163334309662,-3.65397,0.540549460932212,2.131597463896993,-3.97603,2.3627484319653176,-12.6505,-6.72972,1.5908909764275223,-10.9812,1.44303852250247,1.3698295570886445,-8.03989,-0.467411,-1.2285114287730903,-0.7722942894018684,-9.36812,-2.56928,-9.30235,-6.81642,-7.08661,-12.1236,2.3481987889544027,0.1648786431822339,2.1888686525197234,-3.67088,2.8981029065127495,-11.0571,-12.2469,2.236800996449403,2.0943326172247403,1.4159672345249754,-7.48125,0.5497674518806083,0.2764188801730702,-1.8037,-12.8981,-6.59787,2.4048076905323734,-12.3026,-6.89558,-2.74317,2.9382726378807127,-7.47715,-6.5965
16,1.9144371730944947,1.7255591235802696,-5.36191,-15.6706,-2.45017,-6.17302,-1.74782,2.2524658459851823,1.2435838259143537,-5.95042,-5.35851,-9.90918,2.0082341664169654,0.7323967394510305,-6.64681,2.4015069247428245,1.5551612247828295,1.1535517609957506,-2.26852,1.0061533734760923,1.6840109192995605,-8.55353,2.0527702540525117,1.2456491537810561,2.496406933958207,1.7445997252010585,-0.01472386606518875,1.2747341112088482,-0.444332,0.5530054160614956,0.42160744995406796,-6.37236,-4.03516,1.2457210897063198,-1.28238,-1.73809,-3.47169,2.115072888064298,1.2545984258695717,-1.0131954322510002,-0.922805,0.4939520625643637,-1.15685,0.9805604668919734,-0.61471,-2.52966,-3.88194006872441,1.6950760135786156,-1.47316,2.0451735435605123,1.7117435667508116,1.545321702110763,1.7505641411386057,-0.5395955372621045,1.232953769749025,-0.93639,1.818458198301776,1.0572693251337273,-5.65704,2.0007973348146857,-0.3554,1.6443821869519826,-14.0979,-3.35481,2.770981180837188,-3.76386,-7.32575,1.4696285689355262,-0.549753,-0.18318512956560776,0.07335268699768421,-1.7742712828911595,-0.42552139757387203,-2.98182,2.6388072983600495,1.0503110049771403,2.163899870747668,1.5265453143445344,0.6162067392116399,-10.5546,1.6179654494177194,-8.14222,-0.650409,2.276836422971268,-10.5665,1.0738618410719931,-4.41843,1.5388351743784872,-2.38231,-1.86891,-0.45905102855559904,-3.48014,2.3063878533269735,-10.9724,-0.05377954043215428,2.387817388356044,-1.22352,-8.95065,2.01156010589077,1.0335153894442843
17,3.3926408789790345,-2.13123,-4.57943,-36.9046,0.6505214770007884,-6.32039,-5.2232,2.6773091669665208,1.8039580958516037,-21.9223,-8.64443,-8.21364,-1.7627697609285888,2.5814433498360296,-23.5654,-18.3643,2.598927060083815,3.2637191629372544,1.115161262556974,-13.1126,3.0005008856290933,-6.25096,2.728251441751987,3.3272637532840332,1.6871542238373773,1.8879480510031708,2.201274144537386,-6.24092,-1.01305,-4.873647195270492,-4.38733,-9.53051,-3.0695,-7.60448,1.6907137056988646,-7.06281,-0.526858,2.8393883570071314,-19.9983,3.3770071428609376,-4.31825,-20.5616,-2.40846,1.9849673873088398,2.521254650908809,-15.7943,2.1226877953079653,1.479461336811231,-25.9979,-13.9669,-3.91453,2.675423698275116,2.6485124883860136,-0.612017,2.183735113355307,2.1786271568198288,2.9262964468339967,-8.72468,1.7563205294801656,2.544762348607923,-17.0401,3.2062241286107707,-12.3087,-9.15782,3.504851442153207,-17.4872,0.8690984903460564,3.1825354395850582,-16.6671,-4.1555,2.137163130240461,2.757570257565601,1.8540658134112937,1.931686615347628,2.879967824180772,2.2674717729407723,1.8664973619877456,-11.11,-13.5635,-33.9947,1.3776092545328338,-29.5837,1.8782765574104308,3.5068208627415443,-16.5743,-18.2395,-9.16548,2.253833828068028,-12.2178,1.5290062958119484,-17.7453,-3.4453,2.9886925527627524,-12.0706,0.7948640662529352,-0.5346846672050132,2.4967858123180777,-24.2053,3.144927839915844,1.954868474596815
18,-4.66463,0.7000681751285048,-0.9598665145910312,2.633563695775384,-8.94859,-5.33167,1.7373613598870257,-0.0111365,-11.3165,2.5731159201279303,1.5609281089599356,1.5233155946596324,0.9061110947323094,-0.06146,2.2227071217507186,1.5286160679789829,-16.7275,-16.3503,-0.803943,-0.5107922909882006,-9.53089,1.0618895197194995,-7.00287,-15.7975,-4.26037,0.4789695648497575,-11.3834,2.5063011466421568,-0.051699692745651366,1.5567288795194199,1.6479872464166612,1.6305514448244973,1.8358497171849923,1.5080627779175242,-3.78291,0.256021112223586,-8.11904,-10.8196,2.514740495107878,-11.5351,0.2461097965408216,-0.5572902441098342,-1.34702,-0.279666,-7.84794,1.2415171130982727,1.5190798506278371,-5.28521,2.9171543259288173,2.4630529204193987,-8.09196,1.1763323009720008,-14.7786,-1.3026335911499063,0.5887251133105217,-4.34833,-2.8314,1.7189378488561906,0.9527422296720734,-1.81976,2.4937177180665504,-6.5646,2.3408149307770483,-8.16149,-10.9474,-1.59402,2.246082464080151,-7.01627,1.1923272574056067,0.3685244602958817,-9.7088,-4.76329,-6.34903,-0.10847536175801566,-4.34602,-1.25071,-7.6326,1.5006448456407975,-2.63736,2.4360489833403407,-0.742972,3.1287016332676023,-13.2926,-17.9179,2.1362199527723296,1.938040694533638,-0.19068,-4.60521,1.5312514808136293,-0.014986742308323394,1.9413899483235584,0.7263159638264205,-12.6413,1.9826566500223168,-1.02307,-4.05007,-8.24918,2.903189261606779,-6.22585,-4.9991
19,3.1389101142303164,-4.87312,-0.8244091502737748,-27.869,-0.629299,-1.34129,-13.8646,-2.10133,-1.25386,-11.22,-1.26331,1.7627236468753522,2.3901105045119535,2.1735657912741075,-23.6274,-15.2515,1.461786731694609,2.676332470050075,-1.18876,-10.0151,0.8648079458499879,-1.3008765865737262,1.0169357470144356,2.9202433483233374,2.8580379421972304,-3.7738,-4.45,-8.62687,1.2556587716073935,1.2129672329055123,-8.43675,-2.96525,-4.40724,-4.79175,2.6545298672987556,-6.80173,1.523398426641544,2.89311798356419,-11.8959,2.7081035330133716,-1.11695,-15.7605,-0.585467,-0.687372,2.7123409825193665,-13.7384,1.463209104888016,0.15978619898868962,-13.2318,-13.5374,-2.14402,2.6461747973841225,2.0351891910433024,0.9969375647196344,0.37023163533649806,2.1100083308774247,1.052069098161507,1.8320052977965817,1.3059190981559727,1.692336844903604,-17.9424,2.779458818989425,-6.27448,0.8847918088147514,3.2933448746826803,-8.84179,-6.91566,2.8174844080012638,-13.0727,-0.18656454555319815,2.1688159578252897,-9.60154,2.2954386176616093,1.6338085219675396,2.7063621104118605,2.244527922452086,2.5085987620447883,-2.90975,-11.8563,-19.3376,1.0436667187996567,-27.3158,1.903969970075959,3.218527764302149,-7.1249,-5.1008,-1.70812,2.4748899834013462,-12.877,-0.36018395045011053,-1.85653,-0.043789936171702584,3.015868178640291,-7.25758,0.9403782834032153,2.1273670464247405,2.2496557241241266,-18.567,2.457124268775549,0.13539590334361046
20,-3.72578,-0.665379,-3.86519,-1.00914,-9.46642,0.1225627059230069,-2.177248435682762,-4.14852,1.166900022715192,1.5894331447089207,-7.86055,-3.71848,-3.98365,-4.81175,1.4835299588441695,-0.745236,-1.46994,-10.3342,1.157921535954734,-6.0596,-2.5190360894971526,0.37073562758706663,1.8958401662672981,-6.85392,-15.2236,-0.10031880203756074,2.1811064871221686,1.8442333164887577,0.08058409955603862,-2.34339,1.4052363240330654,-4.77043,0.8833294276824081,0.9568413295696234,1.6645414386601245,2.6236245690998232,0.6433317409752551,-2.82537,-1.7064941156505364,-9.1045,-3.42612,-1.79994,-2.58596,-0.29651160496746043,-4.32561,1.7608671782855208,-0.0424343,-0.0700655,-1.30265,0.013014937077494544,1.3876609269433262,-4.47476,-3.50812,-1.62539,-6.8084,-4.12086,-2.62292,1.5130503524641365,0.29355727957259664,-0.11554666320245381,1.5195110167199117,-0.949048,0.7471143968298877,-0.501759,-0.11039874178664229,-2.74791,-12.0882,-0.983737,1.991945501805577,1.5512768784914959,1.5526072095969172,1.8065791138263336,-1.1253125903180674,-0.09159239932260599,-3.35734,-1.78355,1.0851216984856105,1.817423967108457,-0.554519,-1.86929,-0.134823,1.2151026373126916,-7.3951,-11.8502,-2.54035,-5.96667,-2.44546,-0.904964,-2.09357,1.9862909033862894,0.5529306348683556,0.439950267229664,1.0482939574459667,-5.50132,1.645038619726915,-0.433143,1.1570918664235796,-5.10647,-7.99177,1.3869166674471356
21,2.060219220973212,-5.48577,-6.00068,-3.42064,-5.97531,1.96338794717761,-6.33301,1.4510234890908251,-0.207309,-0.617769,-5.74265,-2.43622,0.9386039305372386,-3.09727,-0.747799,-6.38348,0.31453332910245907,-0.9219190411330064,-12.9176,-3.28569,2.7599593058396397,1.053395233335458,0.8664742412118213,1.3782319470298459,0.8157629641001335,1.0940050248423454,-3.40702,1.2180029203381961,1.088430631060971,0.4908718650500332,0.4024338518227719,-1.56087,1.0045982684858532,0.507684696213424,-1.46679,-2.65089,0.41859848649812725,2.528014030821934,-11.4703,-2.91957,-4.214466831753906,-3.94786,-1.277414844415489,0.42718093674667496,0.9259875652530186,1.3426402348980426,-7.26336,-3.74072,-6.25909,-12.2594,0.15450490279717943,2.3682979243593856,1.3385552693802523,1.0898540469942102,-4.95315,-2.66283,0.8096182448470334,-4.46343,1.7790726643093147,1.4115989815172245,-10.9365,1.7409642963714078,-0.212561,1.6967305831902622,2.725038414131065,-7.90385,-5.85945,-0.96248,-4.85356,-0.1525977196277333,1.901587988475389,0.15967539046995832,-0.8551203766443508,0.7041959178448275,-0.8866712518618934,2.632758965065251,-6.00841,-1.40465,2.0392430506575367,-6.47327,0.3318472722282885,-8.00369,0.7399448849084854,2.5772047219899217,-14.6796,1.6739289324435107,-8.74368,0.40419763854119917,-5.09025,0.9153382784343491,-9.77435,0.37432525666676936,2.6758575332800096,-10.1038,0.17666391581640914,-2.38373,1.6208703127963158,-4.21475,-0.5204164692417703,1.3665889790952361
22,1.3732901719846367,-0.124907,1.6102435877905306,0.2055985336984478,-4.75816,1.190571405381673,2.19464458535061,-0.14687835407315172,-2.78634,1.1271057987683242,-3.68194,1.4821044159658665,0.8802862809998686,-3.88791,0.3617779016746349,1.5207968445830418,-4.32043,-4.8971,2.359787394759794,-0.2918681552166991,-4.96903,-2.33994,0.48012721241658673,-5.39843,-5.0741,1.855264644147277,1.6043107911822625,-1.13865,-8.81623,1.9024119576649594,-2.83046,1.6797025082700765,-9.31177,1.7167736760046943,-6.31389,1.2439153722639662,-0.788041,-8.83773,0.8963818589341068,-0.325702,0.19679957597460782,1.8711665903438568,2.340092801330448,-8.08754,1.6074639654820864,1.2810782794754145,-5.12423,-6.99324,1.370754236438158,2.085291894941343,-2.37804,1.711747177758608,-10.4102,-1.60853,-7.40808,0.37969591621420185,-0.07467828859938726,-1.0756294295564919,-12.6096,-0.122786,1.9107906145602984,-1.78026,2.137500522110158,-5.1472,-2.85328,2.1244041520066026,-7.35776,-2.93068,-0.4915738017299523,-0.16799980444244958,-1.4198966472351495,-3.75678,-5.10023,-0.903706,-9.33783,-8.37536,0.5131588995596632,-3.76385,1.6865637548045742,2.060131293145336,-10.6222,0.641274771149234,1.2299679828429981,-10.2603,-0.2786879742208926,1.4575237297815298,1.6673237283196896,-3.66559,-0.483829,2.013624870723352,2.3235145361750753,1.7268635508983818,-3.31811,-1.24513,-4.36033,0.6015306707499337,-0.398144,2.36779214061798,-3.956675242638132,-8.77625
23,1.0937504892512022,-4.61841,-1.28992,1.5476305915047102,2.3014954996027046,2.770405089848976,1.3167379380104063,-1.32601,0.7538470936595675,1.7619117585898318,-0.451227,2.2611910598909137,-1.371338755796318,0.564842106907004,1.6147895667525025,1.2706730497530034,1.174588276897654,-5.13329,-2.75111,-4.61229,-0.2572330516856235,1.457947358000573,0.2966839338479861,1.8498192359866445,-0.847084,1.1780917608312245,-6.41046,-1.10015,1.310818915939437,1.6077665164296655,-1.20415,-1.2929971149987969,-7.34786,-1.29045,1.4670076131590652,1.0272057924453102,0.7505100179484209,-1.57473,0.7160039627028729,-4.98591,1.3356771539233543,1.3101986454816394,0.9873976338897581,-2.74956,-12.1545,1.9265656739342532,-2.67674,-4.46704,1.732847754548206,-0.418581,1.508412431365837,0.779687196476397,0.695055358829247,-7.52375,1.713066128527059,0.13673126755965814,-3.41822,0.5949443209887172,-8.69671,0.43327480874743163,-3.09611,-8.46758,-6.58107,1.7328442189366424,-5.94999,2.1687004951427573,-1.99082,-10.567,-4.17837,1.9081682276646035,-1.4504,-3.33345,-3.5649252769587845,0.7066851276210898,1.344951397585508,1.7786353906948484,-2.57271,-5.7426,-1.1397,1.3303005629693931,-5.7123,-2.41584,-0.551489644653626,-2.64354,0.4344671210671139,-2.90265,-0.532925,-5.70057,1.7179963094145965,1.676339264885859,-8.55093,-4.32089,-9.1613,-1.99665,-0.510478,-7.60131,-5.72557,-3.37649,-0.412995,-0.218488
24,-3.06636,-0.22888248755157403,-2.88362,-2.1808,2.1240192745769444,1.887557408846098,-6.66426,1.4460809848551688,1.4321062852080348,-6.07165,1.3400278847697682,2.020511264899817,-5.39892,-4.41354,1.5440649098804085,0.010385879552417522,1.0938677176373526,0.7843945729545048,0.6646705425673962,-6.84423,1.7185129208141385,1.7495441433612402,-0.921971,-1.3362592579230186,-7.46021,0.9532242159274447,1.1272936834465572,-0.510153,1.7167772688943657,-1.84831,1.015111107363177,-5.24914,-0.175351,-0.989738,0.14333814881490645,-1.8279,-0.565495,1.5184382290771237,-2.66335,-7.63124,2.1603727007173967,1.8756777341415258,-6.51476,1.246172729064154,-2.18393,-0.011739640713698892,0.43080791577995947,-1.13551,-4.4409,-3.82029,-4.39493,-3.94349,-6.646222129025418,-3.41332,1.2620850964126755,2.0114731452390724,-2.52544,-0.06649029126898423,0.897898629320061,0.9080448276603044,-0.109247,1.4158046184938315,0.7726328100172988,-6.21055,1.6123038018471454,1.4301509466079783,-3.98054,-0.3947967182893695,1.1255073521307541,-1.18051,1.709261527710932,2.4816095536687053,-3.74589,-6.79037,0.6607066300676053,1.3667929384570405,-0.969796,1.953684138855071,-6.91423,1.0553637413373498,-2.81624,2.0834036820248554,2.3258229894612237,-3.26091,-3.0769,1.4075053099910302,-2.08328,-3.4952850090882768,-0.140697,-9.63883,-0.231346,-3.52653,-2.06532,1.934308827495287,-6.26029,1.4231613448857108,-1.12863,-1.79066,1.458026477447709,0.6070662796340753
25,2.296030659548748,1.690337483664414,-14.9329,-8.30433,0.18080373882415646,-3.82902,2.6638196261887948,3.0318134481249395,2.405114605140307,-6.91253,2.8940261834527283,-13.4116,-13.8529,1.7489163363608324,-2.74916,1.8451517259188748,1.5289954582058887,-11.8207,1.4761921932867383,-3.03618,-11.5343,2.815354825754903,1.206353967106329,2.5860934676741127,-4.53504,0.9365285585749817,-1.3374,0.6717600986782977,3.1664155340156097,-2.58745,-1.39482,-3.38579,2.1953851087730185,-12.6451,-4.22801,2.3993850715877563,2.469276804315615,1.4420530457958811,-10.0962,-0.97326,-16.1116,0.29718923581381035,0.5177575424067863,-0.422401,0.4851754528629568,-3.6264,-2.7208,-0.736367,0.08010424424166136,2.6764150447285964,-0.325773,-14.8673,1.6203521350299737,-5.09781,-13.6991,2.2111483019246894,-9.04751,1.0153973325083794,-7.85507,-3.85099,-5.6176,-2.91856,-3.65445,-4.38475,-0.1973905255509184,2.528548664311502,2.0213395946170865,2.790901269329423,1.582584567141241,1.8392249468637685,-2.86113,-1.565890036506615,-4.56361,-4.21172,2.06488358701276,-2.2710282880898283,2.25671705525156,1.8708062965619556,-7.82924,2.2967400439284713,-9.8093,2.63228444532783,-1.33119,2.040274427090126,1.5326950874870875,-15.9585,-17.7076,-1.24428,2.0904840976201395,-9.35104,-0.7479476706060709,-2.66909,-13.8811,-13.4584,-0.09499552931198343,-11.6012,-6.202,2.6014741321439088,1.5412511445297654,-0.7777077450636416
26,-16.2458,0.9306235249042519,2.2710675937573503,-0.867008,-9.54122,-1.21147,-2.64141,-25.0913,-12.7992,1.896922465380188,-11.9157,2.2986885111700195,2.713210198720281,-6.83899,1.6194615079300816,-1.20322,-7.72581,0.10598032353723195,-3.06832,1.807622975816222,2.7440542077363976,0.8007317212396583,-1.03832,-7.335,2.3897347937498354,-4.43887,2.336851244861665,1.511353086857903,-15.24,-5.36979,1.6350510767964006,0.10280024094984973,-5.0279,2.236408965043415,2.3584832686228556,-6.74863,-5.76762,1.621020573677167,-1.41433,1.1628538907295745,3.0550619396299856,-8.49306,-6.91622,-4.34589,1.5553195787464962,0.5239293931429678,-5.89121,-9.05091,1.3806358820805975,-0.6033722922542974,-11.9082,2.5568629038940163,1.9052667100216498,2.4833471009903816,1.7543431272176229,-1.98125,-9.46339,0.5835164493845942,2.3085969853005124,2.3958112846208675,-5.34677,-1.23165,0.7146591304452592,-0.2941187434439407,-2.81806,-20.9616,-7.89999,-18.8001,0.7902693540752933,-4.10621,-0.525745,-4.31173,1.452276371175862,0.1347494005516144,-4.1529487265381535,-15.3014,-0.413692,-9.28667,2.2432808490949045,-2.43041,2.6882147732680983,-13.1009,-0.614544,0.757566944646177,0.916574691553789,2.6401210493790233,2.573741363488491,-7.45556,-7.93196,2.4695391726568787,-0.7894730760288216,-0.849627,2.568680848320338,2.5377915934961366,1.5890739676287198,2.0165336902773965,2.137656203049464,-18.6047,1.4814363449618857,1.3391477206252136
27,1.5634840222342445,1.7383182556777566,1.5548613392439348,1.1035368099512932,1.3620759485789018,1.6761671571834276,-0.5688856203801623,1.782044094103961,1.6862063424293012,2.040778672902444,0.7838102154571874,0.167825325641909,-4.16012,-4.1786,-0.013213920573397432,-8.61848,1.56993587971418,1.419632420730401,-0.744858,0.10218648374375708,1.5668059475719873,-1.81741,-4.69113,2.592624385019505,1.8154808786459502,-2.60750556319049,1.3023473749939698,1.8366404150488995,0.5187878410164998,-1.19595,1.5356901830774572,2.188863050332181,1.6685423204873888,-7.62966,2.2056545010307804,0.8575296226390836,0.10148200394583533,0.44857568183211505,1.8276026901988325,1.3268548180701423,-2.96668,1.682931838957529,0.2824081899490727,1.1756011071962205,-16.8644,-3.80667,1.0573283819272732,-4.91749,-1.1480872372488766,-0.4797065507071314,2.4705034194772564,1.7354148418211461,-4.05432,-3.58124,-4.12435,-1.1059813738042543,0.9680175322843904,-2.69059,-9.46247,-0.285839,1.0742273787324204,-5.36451,1.5824880040675018,-5.42955,1.221245764121325,2.297575566241333,1.5807112238899057,2.015676055007449,-2.35133,0.699521819308145,-2.25399,-0.742948,-2.11374,-9.33226,-4.55005,-0.16507513498548407,-0.385827,-0.60193,-4.01319,1.0501465718599399,-0.309753,0.4381516997965535,-6.44355,-4.57833,-2.77775,-6.90748,-8.30824,-6.57262,0.9438786611820993,-2.71739,-0.38191656434917864,-2.94062,-7.54865,-10.1499,-1.49442,-4.38929,0.46645358528983405,-3.94311,-2.33178,0.9845959002808738
28,0.8957410255839449,2.60937837729884,-1.11934,-6.15305,-0.04732643594245762,-8.81684,-0.488228,-1.0301,2.131820496524744,-2.81257,1.0291728889308276,-6.66654,1.630888201198151,-0.0888672,2.163822900702189,1.6260904854756426,1.198246439952489,0.5230762771444746,1.1514292550111016,-9.3746,-4.07567,1.5279696891958765,-2.5204326926490728,-3.81859,-2.23759,2.145962861397433,1.7032396824328804,-0.542612,2.036122943653664,-1.16991,-9.33235,-4.35311,2.2143242084221244,-3.10951,-1.67952,0.1820548545654102,2.3996119802307727,2.0858447473320374,2.328087134006389,-1.06484,-1.23627,-5.9329,2.077150168488237,-5.59692,-1.18661,-6.7377,-2.04399,-3.73531,-3.90865,-1.81183,-1.09847,1.0937270419247824,-6.45332,-0.419551,1.403171143676329,-1.17181,-2.69705,-0.559874,1.3474027937921784,-0.859905,-2.77449,0.5284317228122439,-5.30132,0.7809748909254656,1.1592620082088096,0.47626523441476826,-1.48637,-1.61613,1.0290371048130726,2.0486807423291196,-3.84599,1.3614636139893828,-11.0974,-3.7788,-1.28298,-3.32492,-4.20057,-3.01283,-0.533696,-0.688487,-13.7124,-8.0196,-3.26454,0.9664818190544516,-13.9215,-5.27059,-5.03184,1.9303801809370058,-0.3758344637871298,-0.0367202,-0.528189,-10.7355,-0.11845138395135617,-1.89337,0.599550531822361,2.973077582989185,-11.1051,2.4255458123928517,-1.72458,0.7262385708101341
29,-9.29377,-2.86421,2.6495591349696377,2.123466800267297,-16.0661,1.2153073252606976,-1.57593,-24.2285,-25.0833,1.8976393499924724,-22.7209,3.1119852503782406,2.8675522510585045,-5.20175,1.815489016593934,1.175298600711632,-6.23447,1.4517051579643692,-6.58335,1.5925704533141987,2.509127606450753,0.3752532926999248,-2.89881,-19.3268,2.4985958569115154,0.0815246859241765,1.3402975419271999,0.8968387630900924,-9.31536,0.0007397263349997076,2.2152085584334134,-3.87303,-12.3913,2.713674355852431,1.963112760582515,-8.62936,-11.8982,-0.68314,-3.24586,-0.364696,3.0477315686643713,-12.1118,-0.335362,-2.38641,2.713011208264533,0.5162309884245414,-4.90911,-17.6282,1.439031487679941,-13.3894,-3.70521,2.387569416899043,2.0590283530290012,2.8109376612776384,1.979000848269449,-0.7437480831270974,-0.628033,-4.69524,2.881050673470376,1.6705744032232572,-3.42085,0.21675518911184377,-3.89015,0.6757721043758554,-0.666823,-19.9549,-14.2758,-19.5462,-9.83949,-8.20645,-5.65355,-9.88339,-2.91733,2.708523422448658,2.4194076675553045,-6.72132,1.2420110879156023,-6.16377,2.6767108813463834,-0.471465,2.788732704063086,-8.94967,1.6147577370414539,-0.572613,-7.18404,2.4532009613011723,2.6109297170187684,-0.27374892447909527,-21.1279,3.1622377462186493,2.701166563135884,1.2528743908590945,2.882412388208268,2.805805873099978,-0.492815,-0.15442705134768234,1.676204574421179,-22.1187,1.215968566609705,-4.5133
30,-16.9266,-4.90739,2.4665729430994956,2.701904689402403,-4.12739,-6.98832,1.0444095026537936,-22.875,-13.1922,-2.04241,-16.8012,3.1559232454599515,2.3868067489947427,-14.3122,-0.704426,-1.205347081545771,-11.9616,-13.4053,-8.01979,0.3954821100547625,2.941693107445721,-4.16525,-3.62599,-9.71746,-1.6583708367932832,-2.08623,1.5126053744303378,1.2146693913141822,-16.5693,-3.02731,-8.51605,-4.5912,-4.20651,1.2493457077336456,0.9276697446454136,-10.7973,-8.94723,0.20774560913411314,-0.778879,-1.3137988311097095,2.7823967162308656,-7.18379,-5.8154,-0.0473267,2.676648969295871,-4.20827,0.3701971060228339,-3.85898,1.8444815757106094,0.5416263729187031,-14.7911,0.7685885490597955,1.112847157140128,1.2330178824008045,2.914343243328164,-11.0157,-7.08747,-1.84019,1.3593521575961711,1.9257103571854388,0.769677573424861,0.6028504125787864,-1.48163,1.181619827651718,-13.0989,-13.5976,-4.29416,-13.5114,-0.6420682091379208,-4.3237,-3.16244,-0.3028349665315004,1.4372987387750213,2.508875423234243,0.5765908921413843,1.157689046494256,0.4373448395042021,0.1745833606988327,2.3796850133748944,-2.44089,2.900140554121104,-11.7747,-8.72372,-7.22886,-0.0407176,2.703673972701231,2.4255546553377294,1.8459540508087147,-22.3669,2.3166556369708275,-3.12915,1.4345319917183785,2.6235955528942703,2.7997538853124233,-0.842629,1.913962352580996,2.1417165655391575,-10.0465,-0.30131592581845484,-0.145812
31,0.7231330760502019,1.5552667968781113,-2.24253,0.19088478745444254,0.4610322565566201,0.714208818890585,-6.7774,2.662201705978687,2.793915922078535,-9.58631,1.8812466677295907,-14.1746,-14.6183,-0.498231,-1.315489266035842,1.601966067595385,0.8478362868382346,-4.35114,2.262717850885954,2.2237215231974568,-12.2235,-1.66008,1.2931588150846334,2.2965287905614638,-7.92191,1.3368546110151909,-12.2631,1.7476142505769234,2.396284885912086,-1.0055728669026418,-3.41939,-0.22723817284697426,-3.75258,0.10697820649016418,-1.48516,2.491973288841939,2.326018376376784,-5.39255,-0.688572,-2.32422,-5.69305,-4.60071,0.52349107721679,-2.12915,-6.14219,-2.22554,-0.24546,-1.91148,-3.7324,-1.25107,2.324160657511725,-6.16617,-17.9324,-7.44123,-12.5864,-3.05768,-2.92295,0.9987219693532797,-0.858364,-5.12827,-3.4656,-0.365021,-1.52692,-7.94642,-1.58605,1.0143353515061042,2.0730033610003904,2.4063593512105,-0.0285918,1.339792202468418,-7.14044,2.189317845799683,-9.00756,-0.2867531706813134,-9.13521,-0.3392210110424862,-5.57132,-1.31453,-2.41819,1.2486660160064569,-4.32849,2.489927358244864,-6.36029,-0.409599,-4.57395,-3.48449,-14.7633,1.4556455017541194,2.6402423414969682,0.6984232376602891,-6.56308,1.181518584663859,-0.49484893349288483,-13.9512,-10.3085,-9.68981,0.058316076822835905,-0.9081440067383865,-2.91243,1.502500598727815
32,-4.36347,0.5269331974580764,2.400410289309483,2.333162793458184,-9.70909,-3.60758,-3.56865,-6.6878,-8.81924,0.9084117742454675,-5.77661,1.819844694378591,3.031721810537066,0.8631051218704378,1.6606955061843909,1.687550142549708,-11.4083,-2.08135,-7.8034,0.9915948455081975,1.390973397336622,0.9015100335574602,1.7456143039629035,-7.61228,2.110039851989298,-5.0422,-1.66646,1.953339624882189,-6.14144,-2.48587,-0.3270093512829824,-11.0598,-9.98953,2.7454102098592874,-4.80301,-8.38297,-0.1425,-6.00356,1.3382484199478106,1.7266287727892948,2.2456474783055818,2.156014776147196,-10.407,1.4944960867154462,1.9438222566383916,2.1023178716808073,-0.906066,-5.22497,1.423156525852457,-12.3449,-2.6634,1.718231328939342,1.8570773740672288,2.3564386072200714,2.1778661846865495,-4.07942,-7.49101,-5.61032,2.5668705876394307,2.6034153480135287,-0.781157,1.0042759678424906,-5.24957,2.3118024820436545,-0.629766,-1.18077,-13.7486,-11.6298,-0.31805880911049744,-2.34308,0.1835541301965003,-9.9307,1.90158350852652,1.8815971263005944,-0.682788,0.9350771567369877,1.4314541338619262,-0.455786,1.9870260432399736,0.6483433105520174,1.4833847735511847,-8.78275,-9.96602,1.1650178158647213,-7.17131,2.8390843114447315,1.8944108184061559,-0.887009,-12.1681,1.6690248195402329,2.430133623940709,-12.1533,2.8089748930247516,2.4814841329866706,-3.54581,-5.10265,2.3747755135345363,-14.0096,-4.77339,1.2545756103812764
33,1.5678718911945988,-4.43526,-4.73551,-7.42669,2.129087292111886,1.6933157182471186,0.911133455959047,2.100253463388578,2.810757199294473,-0.133156,-0.04872396636055535,-4.82981,1.1493307512048179,-1.99575,-2.73728,1.420111075863688,0.4474000830358824,-5.2289,2.0832903754076897,2.496118560751847,-4.45845,-3.74336,-7.0857,2.053641566189423,0.4133076084856278,0.8904312387434146,-1.51874,-3.41819,-0.8454642092201831,1.7080027899589207,1.0714637460823466,-7.18251,2.367351713115066,-0.658442,1.8016371901844623,-1.2358,-3.78978,-0.903896,-0.19987268062737268,2.1323743039052476,-1.97594,0.7581715211681246,-3.92075,1.8932429790018208,-9.42938,1.7235216697453328,-0.9051554597768819,2.1824267385001934,0.48935272233827565,0.10242120009914796,-0.3069355705470018,-4.10086,-1.3585352355778453,-2.70223,-7.07025,0.6931621804474465,0.7900379287894598,-9.44124,-1.87019,-8.61179,-6.00689,-9.9,-8.54317,-9.25859,-1.22332,2.7821924583824758,1.0511886903221133,1.8876452409233375,0.8129415255103617,1.3678554036032873,-1.72496,-2.71053,1.7768556232849426,1.9878907863754014,-10.7009,-2.63819,-0.421358,-4.16123,-1.51648,-3.13795,1.7423468613807436,2.4154136532593666,-0.5177579301068613,1.7621847501931724,1.6402037529021103,-8.4428,-8.95088,-1.2372366283586416,2.26243474786683,-3.26379,-10.3892,-4.1818,-6.36,-6.40389,2.1284757236935397,-7.09067,0.1303964839290353,2.556614720671479,2.3771729499846184,-0.742685
34,-2.91963,0.8788546652914211,2.403117974354993,1.2489528621068866,-2.84941,-12.8875,1.3109968355741466,-10.387,-14.6538,2.3477783197427993,-15.262,2.3267995425021817,3.1161562632636852,-9.4927,-1.13952,-4.2958,0.02652507893935501,0.4630041902254905,-10.6582,-3.58778,1.8540924349153634,-1.73215,-0.012691193588073873,-9.18055,-1.93736,1.6515716861956324,1.3540500561416464,2.046409439509574,-7.98312,1.1562426281706604,1.646697087644478,1.755270089252616,-2.10063,1.7269880320787665,2.5640181547961145,-5.0394,-2.39661,-6.10599,-3.50498,0.8800747799011407,2.3289056480593953,-8.87028,-1.39318,1.9590731355815942,2.4385310681664576,-1.30802,-3.72159,-5.60979,0.11010026527696029,-5.17396,-8.16174,-2.1243,0.9656521614118792,0.9347630629538548,-7.54237,1.6799578839766602,0.8360259995549709,-3.96459,1.9882345572438638,-0.5543787750573907,2.1854645878158676,2.48721232301277,-3.101995418681479,2.2424454160728255,-3.14582,-17.7504,-11.5707,-9.24109,-2.70951,-6.76095,0.6208506436893161,-6.06229,0.95111332592672,-2.29583,-0.9730171802011116,-10.7226,1.1616903688808031,-11.6741,2.5477092901559533,1.8016520426377165,1.9946350049697588,-22.0962,-0.997499,-1.51666,-4.40632,1.9692471393721245,2.7780363568967097,1.2524171944366933,-13.8015,-1.12929,0.9944399557304259,-0.776804,2.5539506310799345,2.049249051200304,1.6268730335154593,2.2979955772602363,1.8692173005237618,-9.67591,-2.364095669652597,-3.99962
35,2.3631438302872017,-2.74965,-8.62477,-3.23944,0.6455470580100123,-6.66364,0.30149621628515183,2.237433050357309,2.6666169086663394,-2.86816,2.8058905107601597,-15.1492,-2.50471,-4.05608,-0.275409687179668,1.7054024235715244,-1.1884,0.4942022173870973,2.3106623836734332,-10.2702,-5.75985,-11.2845,-3.82574,2.8927467132335676,-9.00494,-5.77762,-3.2816,2.2640334359727863,-0.198706,-3.21189,1.605128640846002,2.3144444915064932,1.2865044121163436,-11.563,2.2029603186990356,2.791171242763223,2.0816840254326157,-4.30395,-2.82359,-1.63375,-6.72157,2.5134455145944212,1.8308695993441806,-4.64021,-0.1236,-2.29514,1.826727563056511,2.1661202591777653,-8.24025,0.9353048130554337,0.8805226116565789,-11.4844,-1.13308,2.0618540341932583,-15.4388,1.4208455350786515,1.7845451753431225,0.8938201487467865,-6.89509,-12.1443,-0.2249915077343833,-6.01515,-10.3012,0.7877798581842167,2.119102061949941,2.3001320868329787,2.250981224067426,2.6436823320694067,0.40893242335047353,2.250932786801047,-3.52229,2.4447615094835737,-0.439553,-1.67021,-9.83003,1.6506067268053974,-2.67258,-2.18526,-10.2318,-4.56543,1.0452009633621517,2.683067379738679,2.1850901408376258,-5.06456,-0.211537,-15.0209,-10.8861,-4.74355,2.657269056245451,-8.00343,0.42700478794615165,1.0172395302023725,0.8783313029673766,-16.5629,1.4047014072023294,1.7025128687138356,-6.97923,2.589304201945265,-0.23056728919326194,-0.2124521584816481
36,-1.45315,-3.37701,1.6582185527486568,-1.97086,1.8570555158707167,-3.84227,-4.04781,2.3863838149293746,-0.0322193,-2.18912,1.8026169792288371,-5.52353,-7.14509,1.5311779480623249,0.9803166216387135,1.6936044132649053,-3.35353,-1.69346,2.086207351879743,1.5959351591936461,-11.5373,0.8858109056201801,-9.32485,1.762097194966799,1.7993489296097913,-4.68762,-5.46612,1.2281101408278516,-2.65343,-2.00892,0.44806472172698164,-2.70221,0.1457785886127484,-0.3723050312570114,0.26350976198078313,1.798044675870069,-0.08811889915686152,0.5386314341039735,-2.07501,0.598358364821753,-7.21545,0.6746827574689773,-3.90927,-1.39960252318363,-8.01214,-7.75087,1.0516848884760939,0.6150396824931417,0.8751936995344662,-0.615311,1.5899594325964563,-0.36359022806645364,-0.5029384759175097,-6.78135,-2.77674,1.4470483863280512,0.46466440090013067,-9.39931,-2.77252,2.063369322750263,-2.00659,-4.90068,0.8033459728580209,-0.569973,2.074234257277096,-0.800927,2.1251376384413185,2.0620702812143445,-0.494122,1.505019175385771,1.3857842310256567,1.9695597091447072,-6.86929,0.9591279744173632,-2.28884,0.914989886141107,0.18729251441955486,-0.182923,0.909117062526012,-4.274780697540706,-9.99192,0.9304736767238381,-0.7087990342481679,1.907923417091125,0.9913128574908197,-9.08376,2.109247886095822,0.21310129623613966,2.3914198066945365,-4.16005,-0.6630390146831328,1.3995264298886085,-0.056815884274604544,-2.207747752233211,1.1333518224720065,-1.71352,-4.05181,1.847260399088929,1.4266802605645095,-0.0144852
37,2.0394525334634728,2.009091499653438,-9.00704,-5.93232,0.40952352823566585,0.49311572518475205,-2.75433,2.4508412915933153,2.0875771080316885,-2.3314517548200397,-1.9607,-11.9617,-4.12741,-8.32193,1.471528952226611,-0.25818411348509934,2.8684782796270407,2.424643420994573,-0.06773830164604447,-0.124736,-0.17301737524435234,2.209022485295683,-7.68885,-3.98338,-6.15819,1.0850473663764701,0.29148234227045494,1.6074359097634274,-1.51864,-10.5584,1.1104552168674726,-3.72561,-8.02381,-1.95856,1.1793163160830724,1.267983686286436,-3.8000970892561607,-0.917778,-3.14213,-7.15621,-7.76132,1.6395014416484857,0.9280256080925038,0.1936241082980809,-8.47878,-2.83791,-9.49623,0.4626138922721182,1.7583957039538236,-6.0071,-0.394924,-0.177021,1.575032785709923,-4.58975,-6.58047,-7.6936,0.6388335400420515,2.40918583924786,-1.77793,-2.93551,0.3560717620611139,-1.17113,-3.74085,0.8016338048445385,1.0628711148903405,1.5987126013613215,-0.700994,2.3854729800725147,1.2571163359683715,-0.276351,1.3842121949155661,-0.00390133,-4.93176,-5.11875,-10.5952,1.4458336883347838,-8.41213,-5.63914,-13.4554,-0.0474753,-4.64154,0.8557336077796978,-5.56808,-5.33621,0.7119444006428508,-7.02946,-2.122,-4.5027,1.59635064654094,1.2542618446191038,0.025872404167392678,-2.1896,-3.26966,-5.78615,-1.07152,-1.75,-1.87784,1.6492103964107823,-5.41011,-4.1064
38,-7.03014,-8.00852,-5.92251,-0.14845012557188958,-4.54571,0.9417206335757095,-1.723508472862412,-10.0217,1.116678114479736,1.4006163106274394,-5.1626,0.83304389646144,-4.07759,-0.9121841753313631,-6.2963,-9.02343,-1.96574,-0.609704,-2.05661,-5.93522,-1.84628,0.2811029775913545,-0.243031,-0.31577020998433586,-3.23769,1.7676187459854042,-5.83842,0.8965328235780661,1.7480757449736035,0.8614881291661072,-0.966165,-2.65687,1.6299892789629322,-7.01547,-4.82419,-2.14201,1.8087231030730195,0.6435997297213317,-4.79248,-1.53613,-2.91651,-3.64325,1.581106336841786,-6.87254,2.100915565531921,1.438089529547594,1.6869284429955882,-2.34047,-0.700031,-7.21626,-2.71719,0.9305012820232686,1.8769274815979333,-5.4488,-1.712,-0.836163,-7.02995,1.0725660102854717,-3.50274,-0.872355,-2.25298,-3.90537,-0.0472332,-1.00815,-1.92469,-3.82226,0.3666965593798067,2.0927402209486137,-0.36768678084729906,1.5868711885402114,-6.91343,-0.3612439373389679,-5.449,-7.33573,-3.63242,1.7731846878204995,1.5523467904476513,0.17930868933016525,-7.54952,-0.995584,0.5023316519070568,-0.3146696497937023,-9.20581,-4.47103,-0.309874,1.0437512338768447,-10.8435,-0.807788,-0.569166501146358,1.4723757224456546,1.2626652076688116,1.0707545055395649,-3.83097,-9.37028,-1.92412,1.61197269715121,1.9468225897974791,1.2235754116194486,0.771551623934127,0.6217371042716665
39,-5.92798,-0.908249,2.6564691460172756,-2.3825,1.6350900645191717,-1.7426,1.9172887216264072,-13.4836,-4.99716,-3.55041,-14.0348,2.112577675497993,2.519630085846386,-7.34611,-6.55202,-2.54352,-2.29677,1.1195417318491396,0.8295600427607247,-0.839675,2.69416761572677,-1.0988713222144022,-2.40052,-14.6558,1.0118626955918992,-1.74312,1.8452165043726358,1.026360541380506,-11.87,-0.501835,1.6154378765957116,1.958167576061693,0.5184008590837264,1.9991434889085147,0.2247901948523047,-3.61039,1.1522731115802847,-6.5026,-0.0282354,-3.30821,2.012185999447782,1.0138456630651174,-4.21302,-12.4493,0.959204616865054,1.9658850304224718,-0.17909915431416007,0.19322028266285166,-0.9460723339337357,-8.21323,-0.803148,-1.74134,2.5519108785684743,1.7890959251418137,0.22770114966666494,-5.92494,-2.30082,-2.41688,2.2827700656209853,1.547043224975376,-3.41455,2.392407515291077,-0.185756,1.8501069906141285,-5.39562,-4.66255,-4.01223,-15.2438,2.2844924029215785,1.1428045972938243,-0.629389,-8.82329,1.1314440460957038,0.7856351999950967,1.4105380924903552,-1.55902,0.4316135710031206,1.8818682664771562,1.937852055363091,-5.75878,2.4848566485379586,1.0604360964794899,2.787101648408714,-6.31742,0.46558764311579637,-4.70823,2.041756548704441,-2.63906,1.445583974562007,-1.953485771761124,-5.90642,-2.18628,-3.80323,2.289087407712385,-8.84418,-1.186532442106359,-8.98084,-7.12469,2.1756592640882175,-0.6813767249610297
40,-7.50856,-0.417548,1.8037901429175487,1.5530389748249362,-9.81915,1.0397606774723362,-13.3442,-9.68851,-10.4781,1.1945071460000607,-6.94195,-1.391423492654324,0.9376959958305079,-2.17135,-0.5783534974578667,-5.00887,-4.28959,1.3368835043606615,-5.07824,-0.990592,2.7998390367299417,-7.91728,-9.93688,-2.77169,-0.31848635665074143,-1.65323,-2.35662,-0.81388,0.6609286944930224,0.9664513850657708,1.7928888312586133,-7.64266,-8.55225,-10.5672,-3.08205,-0.845548,-0.540222,-0.944037,0.4893956330319336,-2.88209,1.8999006153472455,-0.9485298730168054,-9.32464,-0.006479949598192752,2.240472427088958,-0.6271515964543737,0.48590773580302776,2.575097688513352,0.25568818278993627,-2.0939056442906585,-7.11684,1.2149364829549114,1.4443250333207724,1.422917954675784,-0.881762,-1.87604,1.6955018407359361,0.00684650907705732,2.206973567789756,0.9680175322843904,1.3854164758913905,1.0662784729691757,-5.19286,1.421625307390861,-7.34567,-9.7325,-4.69847,-4.38982,-6.20538,0.6451012393878655,1.443491940859512,-6.88158,-6.30668,0.0584952975902863,-2.1011228926727075,-1.98616,-2.82082,-10.7174,0.7968583367719886,-2.04568,2.131432530122276,-8.88027,2.183073814786458,-10.2679,1.9372484589764274,1.538987550752718,2.230541143126202,-0.6884203695535633,-1.3852668891500448,0.7579091142390759,-2.91834,1.9844328164335197,1.7211885675919132,1.9882975462646244,2.0380425578165733,-4.99452,1.4827947414453988,-8.54939,-0.0615425,-0.953943
41,-3.91659,-3.60041,-3.34521032025435,0.5749378040332074,1.1117456670580725,0.3122380903476682,-1.67089,2.6481728000467957,2.0826675824101732,0.0072139170181947255,2.6141130782236424,-12.0605,-0.607189,-4.09738,1.956450122159786,-0.6725527099916704,-0.10051560455019207,-9.81661,-0.6486366371080458,-4.58107,-9.32002,-1.5568169997218908,1.7138303596648556,2.1462119453136883,-3.09008,-5.40791,-6.14393,2.134011399764955,1.1399877300084158,2.285791872886169,-3.12003,-0.44287262609378747,2.1392517142754683,0.8259064001355793,-1.63787,1.4774687274988998,1.1726740692788282,0.40952352823566585,0.9158146185501922,-0.610519,-3.26499,2.4897449264282496,1.1955211898361315,0.7538565046713923,-12.914,-16.085,1.39902547547362,-0.540398626108356,-4.61051,1.1903524672308259,1.2660993565036087,1.0547718543495912,-1.74596,-7.30105,-1.5406210564369665,0.7796459261765624,1.5526135604363394,-0.998326,-8.05483,-3.86763,-0.213298,-0.34959293779153205,-0.850889,-12.0476,-0.6584887820317792,2.4289533918088524,1.5798443095870218,1.6805615788309818,1.6530834370389547,-1.5205483004326983,-9.25902,1.0881477256202272,-3.9724,-6.83603,-3.51891,1.6722267788181036,0.07947639350177824,0.832404647882873,1.4802035600085874,-1.13299,-4.51521,1.2549434466669127,-4.77117,-2.12738,-2.8249,-4.69687,1.811743452627242,-3.69632,1.395256580188987,-4.88809,-0.913203,0.11698271548561441,-0.497372,-19.0911,-13.6216,-2.66502,1.3565282123835474,-1.53793,-15.7114,1.4663524532904697
42,1.262744416261854,-5.26116,-9.27118,-6.56407,1.0005473179090776,-3.03407,0.8506892459896771,-9.52558,0.4386806467529273,-5.7285,1.3456025664565996,-7.9732,-1.44078,-6.99899,-0.466739,1.4646340810711054,2.365757055815994,-2.64575,1.232542768313479,-8.6199,-16.02,1.5694218430689064,-0.7674268597621711,2.3748499390625266,-9.85858,0.9725009185109753,2.1064911305156717,0.55751071668397,1.7543690800094958,0.0451454349679749,-9.08551,1.9720706732830746,-1.02396,-0.111757,-8.51568,-1.81044,2.245405031860973,-1.85524,1.7919311211616855,-0.799427,-13.3198,1.9400903899186583,-2.0454,1.3506335041531208,-3.31212,-9.61024,0.7815425993217366,2.456515748617754,0.13854380944805916,0.04947564346052554,2.0623576901611,-0.735461,-0.359103,-7.76326,-1.89221,1.9862840431935866,-2.82874,2.081947150019884,-3.56465,-7.21066,1.5704558907917336,-2.52898,1.4148307962620545,-3.31107,0.36049563579118754,1.9791266089663566,1.7143365214294677,-5.71149,-5.41802,1.9585753203876684,-1.65928,-0.180703,-7.79569,-6.69447,-11.8166,0.2973749444226808,-2.26236,-4.33918,-3.3611,0.7864735757823379,1.894328091175087,-3.64666,1.6953017979738347,1.6828277696621514,-4.17411,-3.18132,-5.92337,-0.1585280800123784,2.442407903081945,-2.6220674779956243,-0.39497779274411765,-2.27671,-11.8916,-5.5403,1.5979097174077226,-7.75582,-6.31206,1.5469303940800283,-5.35839,-3.00765
43,-3.77911,-6.96423,-1.75641,1.5575149461606004,-8.09061,-8.05927,-3.05759,-1.3630935924828589,-5.16814,-2.25248,-3.45073,-4.94075,1.8510875646427465,-1.3101855348675837,-1.54882,1.3685325499411325,-6.61893,1.7594790166540093,-0.523578,-1.96913,1.0337892826241002,-0.952174,1.748965044634812,-8.86567,-1.6677,1.6388452468942998,-2.17126,1.559236653138068,1.6761035446659593,-2.72839,1.4561678447541242,-6.06076,0.8406874885132765,1.0597917620961623,1.0534196456525193,-6.15806,-9.93211,0.95604591755616,-9.40979,-1.29403,2.0350925011056447,-0.83228,2.2075620719556954,1.5816205729656574,-0.804389,0.4021262068426498,-1.21436,-8.40054,-3.75821,-3.76335,-11.9648,0.4187169137839123,-0.236729,-6.71173,1.4389034145167858,0.7254643110363485,-1.7950508799824658,-2.2639,1.6456232542746294,1.684255918168594,0.5101794150180851,-3.33796,0.14397046541003114,1.9886206449480701,-4.22579,1.9559566563300572,-5.56671,-2.89673,-3.49737,-0.634639,-7.99513,-4.47818,-4.7416,0.47359093715576484,1.8239991407455647,0.642727188943027,-12.3816,2.288113888373507,1.2925412185037803,-4.15192,1.2593157378449955,-1.92443,-3.08429,-0.4777648699061924,-2.83758,-0.012357034642769856,-0.825026,-7.10955,-2.10651,1.6184868470527116,1.3647386981541738,1.432550364633923,1.5743349496979089,-0.5774587815684831,1.6054459551645608,-6.70156,-3.76013,-7.73602,1.7426129915865167,1.3935802544206906
44,-0.667142,1.6302752983005728,0.3522190310881314,1.3964674394402272,-3.52895,1.411910936968617,-0.403227,-8.28465,-5.11205,1.5068358110733058,-10.2035,1.9127669304620591,0.6840812085461986,-15.5684,0.6586903023052049,-0.010879972836402928,-0.523427,-9.43043,-4.17581,-11.6268,2.5085906237921525,-6.20726,1.7259597086178111,-1.77701,-0.495377,-5.72426,1.1812884488366786,-3.74979,-5.37775,-3.75831,-7.25658,-11.6985,-1.58645,-0.32710227216785015,-1.82703,-1.99552,1.0395237780951223,-1.20367,-0.00790677,1.1143708018346745,-1.27835,-2.23201,0.4371833892934819,1.0682492964858321,-5.07791,-1.26866,-6.21772,-0.415458,1.4272251497218549,1.738836777918598,-5.80751,-0.0915405,2.03246916183892,1.5197079343039757,2.3455871095385885,-1.38455,-7.59618,-7.86808,-3.59654,1.9492531265029964,1.8218375540947642,2.3715232963200537,1.3321628322263683,2.115718020981035,-5.22187,-12.1702,-1.24005,-3.62665,-1.254908268005689,-1.33473,1.0830484649372156,1.1484019531706253,2.0564709767638942,1.494466919277523,1.8743543020732838,-2.426304212385438,-3.28354,1.1382720080081747,-2.92617,1.5615178695992795,-0.858061,-3.8126,-3.75875,0.730789725984456,-1.591332803538747,-2.35071,1.942087136360165,-2.78907,-0.89254,1.3776874275044426,1.4999176458853547,-4.62017,1.1129030213178956,1.3170434206217105,1.7481854274082458,2.1456517117085285,-2.63719,-0.0622486,-10.2655,-7.25025
45,-2.65192,-6.587,-11.9336,-0.7358396733719013,-0.06913895358499296,0.68671151602471,1.2038848004537088,1.743503662264378,2.161408550543825,-0.438475,-1.19935,-0.904310284884115,-7.96575,-2.5537,-1.53139,-3.14558,-0.821599,0.40628477209184083,1.227571159898829,-4.11988,-6.19228,1.7762887456738645,1.0773477933633853,2.699049818904911,1.1425813260502329,1.7514772595532995,-7.97919,1.2509527596269079,1.334874742964355,-1.82724,-0.29811,1.629822723169786,1.477334071800763,-6.82774,1.1199366333818224,-0.5268279812434965,1.1571924690965518,-1.62652,-2.26418,1.2394605972554893,-9.00111,2.48793539184801,-8.2696,-2.64957,-1.32763,0.15692682277401007,-0.27694525228256545,-1.0658005306018272,-0.17941259193785422,-2.5015691006031275,2.22634315324253,0.9333248244299346,1.119564581642758,-6.96195,-3.22734,-0.7995838305982798,-3.77844,0.9672385665973864,-5.55992,-0.3363150489758382,-5.51675,2.02588779966763,-4.18746,-0.615969,1.7158966248530587,0.44180989487495365,2.0858621354827585,-2.20173,2.006143433805184,0.8452715230373927,-3.90529,-0.27700857080642066,1.1370185676958338,-4.12027,-5.32555,-0.5021764691085301,-5.21006,2.257506133776509,-5.6245,1.5053010921999803,-2.48241,-1.30521,-0.35208,1.4807792004244278,-1.19892,0.7347017067133785,0.5577454685494645,1.5096595652206544,0.3062118311708304,-8.13154,-4.7962,-0.1444652355385874,-1.4049,-15.0163,-1.04863,-0.38636566916744575,-2.3461,2.323876807128334,0.5345206657775143,2.006045239306015
46,-3.74633,1.4971311048321831,2.5782755525934484,2.1439105291499976,-7.95491,-1.3806,-1.57728,-3.0179,-3.28389,-4.08141,-5.55617,-4.01924,2.5996703169206894,-5.20639,0.07538572690588966,-3.31411,1.424228188898963,-13.9149,-2.16355,-0.988796,0.8774875315502613,2.074878647493358,-5.00292,-1.73099,1.6533380446239987,1.8335026393357692,-2.04144,-3.25947,-0.8680364255366041,-0.028654651109396162,-6.30776,-3.16574,-0.404877,1.9769394368704902,-2.58991,-19.275,-5.328325129557386,-5.96496,-8.63035,-13.6917,2.1748312637751344,-2.23317,-2.1688,1.8753941794676028,1.966239248385026,2.3284574971614385,-8.53284,-0.958788,-6.56854,-2.68723,-4.10637,1.647095866653952,0.6135302155784594,1.7526911444630735,1.9517161188887329,2.121637392027837,-3.13207,-5.73819,1.5697361235824594,-0.821199,2.0302762446568727,-0.1558,-3.19413,-0.224715,0.4683209643588796,-6.27715,-7.92548,1.2286576120078005,-4.49746,-2.63297,1.4840696817843837,-10.9626,1.2684928877935344,-3.78416,1.804892847618018,-6.94563,0.9646427048137363,1.6015811285812953,2.052017671348482,-0.19349009335848408,1.1748601125623137,-7.38546,2.048519598283398,-4.09049,-4.86463,2.098990460324109,-1.5934366187071605,-4.66395,-11.7701,-0.013162243526556879,0.5527005038077014,0.3071316962730942,2.292811486524204,2.0555816447854927,-1.2020646260566346,-0.852889,1.320119835790293,0.5208571394423938,0.12430395042438111,-3.44477
47,-5.88232,-7.30126,1.6198534815818013,1.2724423388960087,0.7071289780803642,-0.681932,1.9580941926488515,-4.3017,0.9019483701582786,-0.154794,-5.0713,1.620555878167947,1.4350107130414562,-0.13415330025470426,-0.3835309306505971,-0.797385,2.4335694947894644,1.794282949239115,1.06398633674688,-0.9144474317960724,1.8937954647878603,0.858729413349602,-0.0639227,-3.44224,-0.24749772118278085,-15.87,0.40456470286500024,-2.30283,1.827961206780045,-0.300852,-5.45702,-0.410934,-6.03507,1.2269380722565988,0.5494500053027581,1.153693732283085,-4.85337,-1.5274755100924862,-6.32375,1.2999845561528647,1.440543407964158,0.39799729326064337,-0.350116,0.6568358311007897,2.239005045706958,-0.674761,-1.8771735770769418,-5.70123,-3.81974,-0.0412065,1.5115935242344998,-0.572633,-0.622181,-1.12107,-1.46076,-0.4488654236432199,-8.02182,1.7999012349196781,-2.09639,1.5492164593342352,-6.27894,1.329213297229534,1.1736084377045153,0.9764182889979309,-5.65887,-0.641713,-7.53922,-2.95418,1.6238318213013996,1.1038850299701668,-0.7516537969342887,-5.84001,1.2879315267029867,-0.49375548448710005,-10.925,1.1565824100213988,-0.410341,1.760717617812528,-4.27956,-16.0324,1.0675240173848708,-0.0925201,-8.31523,-5.09665,2.6309171451723854,-2.001680820373143,1.6282910695182182,-3.22356,-12.0186,-1.1403471997699295,-0.587338,-1.9498,0.18102071106090648,1.1325466175843892,-0.318558,-6.27249,1.0443883884576632,-11.3578,-10.0794,1.1992175158420744
48,-2.97282,-0.738385,1.208596100403183,-0.6190569228488374,-6.46568,-8.21128,-3.38832,-8.02499,-6.73517,-1.86365,-8.39486,1.095005793073998,2.785400055529542,-9.48219,1.1591051370969307,-4.88628,1.2083004266456587,-3.80894,-1.15939,-2.34709,2.181656239437044,-2.29814,-5.39804,-11.617,1.916744655172181,0.09450985963355582,1.1302498349722008,1.5742893767003163,-5.83545,-7.63855,1.9838429452874453,-6.90088,-1.88753,2.2365596001952137,-7.89123,-9.25102,-7.73624,-3.51157,2.2785423691802085,-2.29778,1.7474452729521202,-5.56265,0.24582829582739152,-1.57936,2.6394572496365853,1.9683898620267188,-14.1323,-4.27095,-1.1388344631163974,-0.784833,-19.0384,2.833078040785494,1.7916827996223492,1.8284947243931564,2.5791556606911077,1.9019940871271088,0.13151936986356846,0.9594153533130856,2.084156658026808,1.7718917398127783,-1.95267,-1.52734,-4.19159,-2.34926,-4.49971,-19.7601,-8.78904,-10.3239,-1.2473953997013574,-8.41658,2.876853012261783,0.004679036216731377,-3.83865,1.4457159065889336,0.019459431156219023,-9.47699,-8.43542,-0.012848185581298266,1.3281010001421574,1.3726415846661038,2.6422949400367433,-2.43246,-3.43315,0.14143011541787803,1.3414826474107815,2.0292095260419813,1.5651327754768423,2.1073010854651644,-8.26509,2.3229561861338768,-1.0974289890433346,-5.79886,2.051893042424517,2.3098685044403044,-2.72894,-1.4438853390904498,-5.97814,-15.2658,1.4790945754127431,-0.2894930446057501
49,0.5877811093311313,-4.78072,-12.1849,-4.64974,1.9079115459640799,1.5685013280153404,-2.69208,0.6606859704045637,2.3802125786733344,-4.27706,1.7440090143735243,-1.94598,-4.67537,1.508115897709307,-7.48603,1.2659781196051512,2.019487163949643,-2.2626,2.270963354361679,1.9617595946638238,0.5483814902924249,0.9031447002041398,1.3178308138018942,2.7048383820624107,-2.61728,-2.43308,-4.06776,-0.4760023858624759,-0.3830585211185051,-0.09226880946341295,1.2484967382054017,-10.2948,2.394881645472618,0.2908395822668611,-3.4355,2.2352105541572653,1.3075730716552874,1.784617358298408,1.050895048709589,-7.66284,-3.73333,1.1075456008829345,0.631867344137294,-3.04628,1.151131997368759,0.7542281688136099,-1.48659,-5.56487,-4.0643,1.4688209045946403,1.6559015628441403,1.212857220759466,0.5109716131090278,0.10205104539734246,-3.33336,-3.5208,0.19443950366585452,1.910567164926174,-5.29773,-1.98221,-1.88472,-6.92586,-0.100364,-1.46034,-0.466132,1.8808701688748366,0.6694127337820641,2.5272235264150287,-1.16689,2.4182859624461046,1.7956469033552411,1.267144767147884,-6.66946,-12.5321,-10.1311,-3.86287,2.088970991895965,0.32231535634613157,-2.95314,-10.4923,-12.1849,2.378100645470191,-0.14134354244542585,-2.3023951110417595,0.8637629916612533,0.31331326882479954,-7.00384,-1.4912993844170588,1.9988562910231347,1.9692122482916068,-13.5301,1.1672113048264552,-7.82932,-4.46471,-5.05611,-0.439508,0.6286139927414853,3.0983655737380973,1.204217774318337,-2.69075
