IDENTIFIER,A,A,A,A,A,A,A,A,A,A,A,A,A,A,A,A,A,A,A,A,A,A,A,A,A,A,A,A,A,A,A,A,A,A,A,A,A,A,A,A,A,A,A,A,A,A,A,A,A,A,B,B,B,B,B,B,B,B,B,B,B,B,B,B,B,B,B,B,B,B,B,B,B,B,B,B,B,B,B,B,B,B,B,B,B,B,B,B,B,B,B,B,B,B,B,B,B,B,B,B
0,2.65852,-0.719929,3.18999,7.34982,-1.1716,-1.20265,7.8424,3.86871,-2.30527,2.60624,-2.40571,-2.37622,1.27878,-9.51028,-8.75514,-2.92339,-4.99047,1.7287,-4.54323,-7.12986,7.43781,-1.15984,0.410216,-6.96883,-2.65891,0.561962,-5.68174,1.81423,-3.021,-1.51586,-3.02897,9.21274,-0.0860637,-5.32661,4.12162,-6.09785,1.07395,-9.65807,-6.79562,1.11387,3.66861,0.733607,-0.595483,-1.49633,-7.28585,-3.70538,-2.28146,5.29739,1.54968,-8.93378,1.68043,-1.85585,-3.27584,3.11176,5.19452,4.66869,-4.07518,-1.63037,1.64213,4.91626,-2.55362,-0.797201,-5.61096,-5.98821,4.2783,6.69826,-0.412988,5.17383,1.70016,-3.2688,1.85859,7.73572,-0.119762,7.86027,-12.9642,4.21111,0.494763,-1.56332,0.387448,-10.1287,-1.02963,1.60326,7.47738,-2.40671,-4.14863,-2.57723,4.52939,1.72679,-2.73514,2.55328,0.433079,4.8181,-3.38114,-1.73473,-1.95336,-7.29041,1.56647,1.17887,0.137054,-1.12946
1,34.7351,-8.94037,-13.2947,-67.4257,-1.00443,-5.61894,-3.39451,8.41101,11.3509,-25.8401,-30.775,-11.5026,16.7846,25.7287,-32.1644,-25.2477,17.4369,31.7904,4.97142,-12.5747,30.1407,-11.9458,24.3594,30.0136,17.9932,12.7088,12.5486,-18.189,-3.75817,-16.2349,-12.6379,-11.2844,-9.75155,-6.72686,-2.47056,9.27142,3.16643,31.9159,-32.9024,24.811,-4.53299,-22.9174,-12.1582,3.11811,26.8141,-21.4639,-0.990131,-3.7864,-37.6405,-26.8546,15.5949,18.3563,22.5962,13.9196,10.9109,-0.635223,38.2264,-17.7801,-9.34777,12.4927,-42.5755,35.267,-13.1565,-5.81822,56.3614,-17.7596,-8.54169,46.8087,-27.0436,-14.0949,7.88684,6.80484,13.8036,10.5609,33.538,28.4169,14.2922,-9.05129,-18.3774,-32.0073,19.5551,-47.8557,15.6564,46.5405,-26.4909,-12.7892,-9.01534,19.4803,-24.8681,-10.6942,-14.7344,-1.72352,31.9319,-29.2732,2.58096,8.41798,16.1029,-29.4427,26.9364,4.67632
2,5.81268,2.14595,4.30076,-0.833622,-6.9074,-5.42428,1.34093,3.29436,3.54366,16.8128,0.816101,4.58364,6.35628,4.5477,-4.57911,1.22005,-2.1694,2.43757,-2.49829,-1.16256,14.0932,-10.0484,5.10053,-4.50071,-0.910476,5.61379,2.00562,-6.86665,-3.98613,2.07789,-4.1219,-0.0366458,-0.199424,-4.13324,10.9244,3.31604,-9.44411,4.15865,-6.86672,7.24209,-4.50828,-3.40808,2.12837,4.54,-3.5461,-4.11427,-1.87483,-2.99566,4.95382,-0.702329,-4.92419,6.18911,13.1125,6.39012,-6.68786,-2.13858,9.11549,-5.4774,1.89274,4.75948,-8.26289,2.71754,-18.0299,-5.28696,3.69751,-8.14662,6.9445,-3.55879,-4.68467,-0.34003,8.39336,-6.13191,7.1813,0.90333,-1.81317,4.64718,2.36444,-4.57153,-1.29218,-6.31563,2.14841,-0.882269,9.95205,-1.94244,8.22336,-11.3348,-1.85422,4.8513,-0.580751,-3.41374,-2.24371,-3.04294,0.0231081,2.03034,1.95012,-2.83985,6.47293,-1.37087,6.62851,4.14813
3,-22.1644,0.145647,8.72749,30.381,-0.0191763,3.87884,11.9156,-6.2065,-1.60134,9.96475,8.03986,10.3939,-2.97665,-1.71273,19.9745,11.6356,-4.17966,-17.7701,1.94091,6.38878,-10.8,6.16442,-11.5664,-5.4935,-11.5199,-6.82792,-1.75184,10.5768,4.95496,9.05346,2.04383,0.524628,2.29251,0.533717,3.95913,-1.39111,-7.17986,-16.0555,17.9973,-16.1635,-1.66742,13.9116,3.00076,-3.48065,-13.351,12.0951,-9.47911,-8.25086,13.7541,11.146,-4.62651,0.212438,-6.91512,-6.29806,-4.16576,-6.27818,-12.5463,7.24029,3.0751,-8.1053,18.8449,-5.83902,7.62271,2.74758,-18.763,6.5371,6.57299,-16.0226,11.6144,0.585145,-5.19311,-2.20056,1.14075,0.980139,-3.09148,-14.3009,-1.76976,7.94957,18.2987,15.6139,-11.2779,15.78,-19.6744,-21.6463,7.13938,7.80216,6.61379,0.828657,13.6447,-1.53994,0.895729,5.04775,-19.9013,19.0886,5.15807,-5.14342,-17.4099,19.7893,-12.0559,1.71088
4,-12.6957,-2.22448,1.33454,7.39886,-2.22796,3.97725,-3.8892,-1.56348,-0.535359,5.44932,5.95092,-4.33873,-9.53271,4.87317,5.18655,-0.719849,5.7663,-3.67314,5.98039,2.1829,7.34554,9.61256,-3.20435,0.675361,1.52566,6.64473,-6.80175,5.16521,5.77297,-7.24402,-5.36448,-8.88262,-0.845441,4.61516,7.27155,0.19856,7.34294,-10.688,-4.34038,-3.77591,2.5609,3.16386,-9.87168,-0.693564,-9.40476,6.21478,1.24615,-5.01751,1.97776,-2.09453,-1.93367,2.89768,-7.86545,1.07891,-3.71836,-4.29611,-3.79973,-2.89993,-2.38513,-7.02985,14.0829,-3.36323,-1.35789,1.26362,-6.38466,1.13463,4.50014,-0.429061,0.264018,-1.71254,-2.76869,-12.7392,-9.17891,5.834,4.59232,-3.98822,1.27553,3.39982,17.321,10.7503,-2.49533,0.144424,-10.4058,-3.96787,-0.915287,-5.26316,-1.94709,-7.64958,10.7668,4.76066,1.37247,8.07817,-3.0996,-1.70307,7.42187,1.96121,-7.50463,2.46131,-7.38824,-8.0879
5,42.769,3.31069,-17.5564,-55.0275,-3.43382,-9.40359,-14.6605,2.55582,9.42151,-27.3849,-17.9677,-10.6222,13.8403,7.69617,-31.3448,-20.6276,18.5676,29.4392,-0.180775,-11.1422,15.5377,-4.03197,12.5083,36.6228,9.91944,-7.42226,7.8258,-13.7677,-2.58382,-17.0338,-1.26242,-18.9132,-4.3803,-14.3508,-1.31947,1.62504,2.1583,28.6576,-28.6901,25.36,-0.993599,-32.5137,-1.10973,9.20992,10.9146,-27.1281,7.62355,1.55324,-34.8579,-28.8694,13.5152,14.385,29.551,12.9094,10.3036,0.619127,23.9204,-20.5416,-1.12102,6.2958,-32.9405,38.9556,-12.9288,-3.19425,53.0216,-20.1221,-21.7309,29.0047,-32.9022,-11.1764,11.3427,18.3098,14.577,6.98154,33.4763,11.0919,14.1551,-11.0307,-22.9485,-35.8819,16.6759,-41.818,22.3286,51.6042,-22.2347,-13.6807,-12.6783,13.8515,-14.6694,-7.12622,-11.0455,-7.86612,30.5447,-19.3514,6.75206,3.37094,17.3696,-32.4506,22.0827,11.3646
6,-23.5066,-0.148088,11.9072,48.17,2.19641,14.3702,4.50247,-11.1436,-15.462,24.1036,17.0972,7.14352,-9.3592,-14.382,32.5953,18.1099,-10.9477,-20.9355,2.88982,11.7812,-21.0442,7.18674,-1.91161,-17.4384,-1.86331,-3.70257,-16.3715,9.39524,3.05688,14.4246,-5.27407,15.2371,2.10806,3.80196,-6.44857,-9.26756,-0.507162,-21.5166,17.6813,-26.687,2.02218,27.5697,1.39179,-8.94839,-17.8826,15.1979,-16.8751,-2.10946,25.1175,21.9788,-0.116811,-5.21802,-18.3127,-13.8602,6.70149,-1.62064,-18.7923,13.0312,3.20396,-6.73333,21.7406,-23.185,12.2049,-1.59783,-37.2083,13.4714,6.98332,-16.8426,3.59617,12.1976,-1.82049,-17.4711,-10.9749,-7.6371,-28.0255,-19.7378,-14.8392,19.4131,15.8099,36.1271,-7.11371,22.7937,-16.3368,-26.3564,10.4512,14.243,6.22732,-14.8269,17.0231,4.25776,6.35534,9.71657,-25.5492,18.1213,1.84605,-5.78479,-11.7645,13.464,-12.7718,-7.70703
7,-6.11252,5.81719,-2.55259,-1.73567,-7.76658,3.66931,-5.32889,8.14317,-11.2517,10.6135,2.82757,0.467901,-4.10396,0.873296,2.42292,7.75546,-0.902537,-2.39776,-1.75591,1.08217,-0.652251,-7.93169,-8.19243,0.618177,-0.405832,-1.0669,-1.37237,3.02306,-2.34261,-2.74361,1.38798,-3.91887,2.41281,-7.75185,4.96782,2.23564,0.687454,2.10791,11.4211,2.48061,-8.72987,-3.93319,-2.77925,-0.0532215,0.453178,-1.50545,0.499137,-4.01255,0.310633,-4.66179,-5.81637,-8.14956,-7.05479,4.20057,-5.53742,12.9162,0.0483862,2.61031,-4.008,2.73084,0.276799,-2.01184,14.3862,-0.336801,1.43302,-1.85701,0.883802,5.7306,-0.974448,9.92636,2.50659,-3.72312,1.97467,4.12176,0.418294,-9.88301,-4.82624,0.12801,1.05495,6.91994,-0.48612,-3.0307,0.142762,-0.639801,4.92226,6.77287,5.12204,0.63528,1.37588,-8.04372,3.19427,1.54099,-1.22466,-4.45533,-5.5488,4.72255,-1.91511,5.93565,-2.08815,-0.720773
8,22.8857,-5.55538,-4.55887,-29.9059,-2.25864,-4.87003,-4.47028,0.886445,10.6577,-15.5553,-10.1513,-7.14628,14.4076,6.81917,-8.41848,-19.0703,8.99836,20.8243,0.088239,-1.78044,8.80811,3.82714,19.0423,14.2962,4.32532,8.03125,15.5135,-9.29708,-3.9531,-7.37805,-8.84776,-9.65281,-6.95277,-7.79657,0.751943,1.83326,10.8345,9.59705,-11.1658,12.4045,-2.71472,-9.4423,-7.40678,2.86717,11.9349,-8.57874,3.70626,13.5018,-20.7035,-14.9868,3.12536,4.45651,8.12526,11.4968,11.2127,-1.57591,8.41288,-6.41081,-4.23681,7.17234,-15.3913,6.05509,-0.50827,8.23319,19.3655,-10.5647,-4.07614,17.914,-7.94129,5.55762,4.48254,0.7446,-0.72226,0.198616,13.8263,19.5386,3.60284,-5.9822,-7.50314,-13.9042,19.7827,-21.6136,6.69559,24.423,-7.63175,2.1149,-2.03299,6.83877,-6.02559,4.18589,-1.3377,-0.0769099,18.7626,-4.18125,7.6571,6.06825,8.09455,-12.4128,17.6272,0.437002
9,7.96646,-2.96795,-1.55225,-2.89436,0.926499,-0.886527,-8.67748,4.83518,4.7011,7.08666,-4.64073,-0.569316,3.66081,9.85144,-5.0459,-2.52306,5.61841,6.44426,-2.34093,-1.42161,9.20286,-6.21609,3.20498,1.92115,8.18051,-7.35871,-0.231659,-0.362954,7.20429,-2.33759,-3.49131,7.70305,-7.89028,-12.3259,2.51149,-2.28742,-4.06895,8.45148,-4.19502,1.71427,-7.2319,0.0490749,2.64754,-0.174445,12.9696,-9.06614,-6.86691,-3.04717,-6.12232,-2.93345,0.894177,4.19476,-2.45071,9.0872,0.972486,6.01652,5.94548,-0.666965,2.35221,3.58728,-2.30762,11.2341,-1.79242,3.2939,7.09968,4.29756,-5.23476,14.4707,-3.98147,-8.66608,2.44682,-1.81138,6.28112,-1.96635,2.47791,-5.89191,-0.178057,-14.5092,-10.417,-2.87694,6.33459,-4.25325,-1.75798,6.22372,-3.7338,-8.18752,5.85024,7.2929,-4.12655,-0.322466,-0.788893,-11.0881,3.28357,-6.78464,-4.75694,-0.454879,11.9938,-1.22004,1.04615,4.38463
10,14.3445,3.42166,-1.73702,-14.3786,3.45632,0.624975,2.22212,4.50055,7.01618,-7.15171,2.86476,-1.01008,13.273,-1.08893,3.19652,-3.71224,-0.162373,4.19403,-1.73225,-0.749646,7.21582,-4.16872,2.92639,17.2175,11.2841,2.49029,3.26556,-2.09866,2.3196,-7.52457,-2.14526,-10.3862,1.21586,1.63773,-2.04223,8.13735,-4.88417,-1.43024,-5.37456,10.6771,7.42319,-7.47028,4.66924,0.193179,3.62061,-0.040565,4.17448,-7.38712,0.309436,1.92028,-0.607385,4.9004,7.03854,3.54542,-1.09164,-2.84207,4.95046,2.32277,2.12205,-0.234584,-2.76698,-8.73675,2.4138,-8.99992,7.24583,-9.08199,-8.69677,12.3633,-6.87532,-0.0821226,1.93295,4.29785,2.87759,-4.85883,10.6319,1.79817,-5.28274,-5.00834,4.50685,-3.76371,1.14345,-9.40293,2.0841,18.1385,-2.54927,-0.724627,3.15132,4.68125,-4.92129,-1.53002,-2.55497,-1.24147,9.0615,-3.78993,3.96459,0.737164,3.99958,-15.3001,9.26409,3.55851
11,-18.4526,-10.6479,16.935,34.8565,5.65193,-0.916469,10.2547,-9.49347,-8.76092,23.8492,10.9222,7.46199,-4.8914,-5.04157,18.2464,16.8258,2.14346,-21.3882,1.4219,14.4115,-9.15381,10.0835,-6.53143,-26.4726,-0.275912,-6.71654,-8.29926,4.83913,2.06576,9.3348,4.34542,8.62864,10.5579,7.36686,-2.41308,3.96724,1.9763,-24.9352,23.715,-13.8554,1.69134,23.392,1.56015,-0.602752,-15.1706,14.3038,-8.39384,-8.77904,30.5396,11.6543,-12.9983,-2.01E+01,-17.7701,-13.7687,2.91423,3.40266,-19.6427,22.5593,6.8102,-6.7879,8.6414,-6.11193,3.67653,-7.26555,-23.7866,23.3132,14.0149,-18.1073,17.4484,10.0566,-3.12088,-4.69631,-7.43439,-5.27775,-21.7979,-15.017,-16.4415,8.65784,4.61875,20.0531,-8.31051,31.3883,-7.18854,-32.5938,9.27803,13.876,1.46884,-12.2493,14.3192,-3.09247,7.53625,-3.30302,-20.3099,14.5193,-8.92655,-1.43715,-11.6043,19.701,-13.8197,0.994691
12,7.27405,-3.23411,-1.22986,-7.36612,0.212819,-1.01164,-5.54915,-2.11597,-5.41303,4.69859,-9.58703,-5.27231,-0.971244,6.60715,-6.43583,1.9847,-0.567471,7.37858,-4.29482,8.12865,-1.7746,0.372712,5.92674,7.95547,1.46787,-0.369829,3.00169,-3.1768,4.14264,8.87159,-3.56409,-8.6977,-1.14736,11.4525,-3.68026,8.43754,9.51462,2.56259,-3.03316,13.0653,-2.79719,-5.70082,-3.5636,-4.7248,0.810334,-10.1539,0.996341,-3.40215,-5.23069,-12.2853,3.93479,6.8108,-5.83538,3.89881,7.64015,-5.58131,12.9574,-1.10856,-4.06425,1.1855,-3.20284,5.36161,-0.319107,-4.87602,9.04217,-10.2204,-2.56774,1.41494,-7.78239,4.53865,7.41767,4.77618,-3.20556,-0.174118,11.1779,4.56916,13.8587,-0.628057,-1.75128,-8.79708,3.27949,-7.68979,6.88118,11.7997,-7.96423,-9.25721,-10.9906,5.69514,-8.79757,-11.2605,-0.04484,11.5101,4.87649,0.528475,0.681834,0.537656,7.85832,-6.25485,5.57347,3.26064
13,18.5277,1.3843,-6.93186,-36.9452,2.57899,-8.48773,-6.56696,3.89694,10.6926,-10.9465,-11.2031,-1.85784,15.5721,9.80395,-16.2676,-20.5526,3.8849,18.1568,-3.436,-9.47794,13.9786,-1.22124,8.71941,21.7959,8.19837,-8.95867,4.45671,-8.75263,-8.27464,-4.17479,5.09906,0.0126205,-3.38941,2.69693,1.85556,-0.889534,0.637326,16.0223,-21.2767,17.0473,-2.16276,-15.3891,0.0294438,7.10121,18.0923,-20.6949,-10.0528,6.14434,-27.8858,-15.9458,1.65071,-0.315311,16.3037,10.4685,2.0576,-11.4194,12.3825,-8.57931,-9.16823,5.73373,-19.7952,19.2833,-9.31291,-5.76221,32.9413,-11.1606,-6.75367,14.855,-15.7188,-9.82473,5.58632,14.251,0.561572,-3.43648,24.1731,11.6527,4.09562,-3.3355,-11.9476,-14.7236,11.981,-25.2272,21.7755,20.051,-9.5602,-7.0596,0.556025,18.1864,-10.6319,-5.39886,-4.23873,-6.52954,26.2079,-11.3699,-0.929611,4.31848,3.99771,-20.659,19.9379,2.15024
14,7.71141,0.566324,2.34274,-16.0398,4.91893,-6.14925,-11.0801,9.84065,1.50238,-9.13963,0.0827972,-0.739278,7.38309,14.9778,-12.8787,-3.64492,5.73766,12.9953,7.41239,-2.51833,10.7991,3.07167,3.5458,7.26708,-0.561455,-9.28793,15.6998,-10.2711,-2.42416,-5.63133,0.0246562,0.478622,2.92763,-5.73136,-0.177174,1.88407,0.949513,18.4172,-8.99191,13.262,1.55875,-3.25199,-0.370798,-5.80456,9.89837,-11.1129,-1.03471,3.80368,-6.27101,-8.66823,5.98492,13.6583,9.25283,16.9587,5.75212,-7.89459,12.7141,-4.3329,5.39875,6.21753,-12.3657,3.57949,-6.91232,-4.78355,13.0568,-3.19494,4.43217,13.53,-13.9728,-0.974213,9.80218,0.320993,3.72319,2.81519,6.03131,10.7594,3.80032,-2.95507,-9.7178,-16.3086,8.69802,-15.3544,15.1403,11.6649,-6.73282,-0.402232,-10.6158,-2.65975,-14.0171,5.34691,-6.63014,10.9315,6.73419,-6.21236,8.24157,12.0404,16.6617,-3.31231,13.3704,6.17998
15,-8.00449,-0.810632,-0.795952,18.0257,-0.794588,-0.092647,7.13102,2.63179,-2.42111,14.6338,0.317984,2.26669,-8.27395,-13.1488,8.46433,7.00369,2.55675,-7.55345,-4.90962,13.9179,-1.34511,5.01561,-6.06754,-15.3309,-6.14558,4.94399,4.44349,12.0857,-1.23321,-1.6952,2.09418,-5.53403,2.87911,1.84963,-2.93523,-8.40648,0.55284,-12.2023,4.66908,-23.1715,1.47573,17.2412,9.47875,-2.90998,-10.2705,9.56299,-6.4699,0.707787,15.2824,14.1978,-4.58146,-5.74823,-11.7863,-7.76439,-3.81984,1.00133,-3.65397,1.71695,8.42832,-3.97603,10.6201,-12.6505,-6.72972,4.90812,-10.9812,4.23354,3.93468,-8.03989,-0.467411,0.292728,0.461952,-9.36812,-2.56928,-9.30235,-6.81642,-7.08661,-12.1236,10.4667,1.17925,8.92511,-3.67088,18.1397,-11.0571,-12.2469,9.36333,8.12002,4.12047,-7.48125,1.73285,1.3184,-1.8037,-12.8981,-6.59787,11.0763,-12.3026,-6.89558,-2.74317,18.8832,-7.47715,-6.5965
16,6.78312,5.61566,-5.36191,-15.6706,-2.45017,-6.17302,-1.74782,9.51116,3.46802,-5.95042,-5.35851,-9.90918,7.45015,2.08006,-6.64681,11.0398,4.73585,3.16943,-2.26852,2.73506,5.38712,-8.55353,7.78945,3.47519,12.1388,5.72361,0.985384,3.57775,-0.444332,1.73847,1.52441,-6.37236,-4.03516,3.47544,-1.28238,-1.73809,-3.47169,8.29019,3.50643,0.363057,-0.922805,1.63878,-1.15685,2.66595,-0.61471,-2.52966,0.0206108,5.44706,-1.47316,7.7305,5.53861,4.68948,5.75785,0.582984,3.43135,-0.93639,6.16235,2.8785,-5.65704,7.39495,-0.3554,5.17781,-14.0979,-3.35481,15.9743,-3.76386,-7.32575,4.34762,-0.549753,0.832614,1.07611,0.169607,0.653429,-2.98182,13.9965,2.85854,8.70502,4.60225,1.85189,-10.5546,5.04282,-8.14222,-0.650409,9.7458,-10.5665,2.92666,-4.41843,4.65916,-2.38231,-1.86891,0.631883,-3.48014,10.0381,-10.9724,0.947641,10.8897,-1.22352,-8.95065,7.47497,2.81093
17,29.7444,-2.13123,-4.57943,-36.9046,1.91654,-6.32039,-5.2232,14.5459,6.07364,-21.9223,-8.64443,-8.21364,0.171569,13.2162,-23.5654,-18.3643,13.4493,26.1466,3.05006,-13.1126,20.0956,-6.25096,15.3061,27.862,5.40408,6.6058,9.03652,-6.24092,-1.01305,0.00764543,-4.38733,-9.53051,-3.0695,-7.60448,5.42335,-7.06281,-0.526858,17.1053,-19.9983,29.283,-4.31825,-20.5616,-2.40846,7.27881,12.4442,-15.7943,8.35356,4.39058,-25.9979,-13.9669,-3.91453,14.5185,14.133,-0.612017,8.87941,8.83417,18.6584,-8.72468,5.79109,12.7402,-17.0401,24.6857,-12.3087,-9.15782,33.2765,-17.4872,2.38476,24.1078,-16.6671,-4.1555,8.47536,15.7615,6.38573,6.90114,17.8137,9.65496,6.46561,-11.11,-13.5635,-33.9947,3.96541,-29.5837,6.54222,33.3421,-16.5743,-18.2395,-9.16548,9.52418,-12.2178,4.61359,-17.7453,-3.4453,19.8597,-12.0706,2.21414,0.585854,12.1434,-24.2053,23.218,7.06299
18,-4.66463,2.01389,0.382944,13.9233,-8.94859,-5.33167,5.68233,-0.0111365,-11.3165,13.1066,4.76324,4.58741,2.47468,-0.06146,9.23229,4.61179,-16.7275,-16.3503,-0.803943,0.60002,-9.53089,2.89183,-7.00287,-15.7975,-4.26037,1.61441,-11.3834,12.2595,0.949614,4.74328,5.19651,5.10669,6.27046,4.51797,-3.78291,1.29178,-8.11904,-10.8196,12.3634,-11.5351,1.27904,0.572759,-1.34702,-0.279666,-7.84794,3.46086,4.56802,-5.28521,18.4886,11.7406,-8.09196,3.24246,-14.7786,0.271815,1.80169,-4.34833,-2.8314,5.5786,2.59281,-1.81976,12.1062,-6.5646,10.3897,-8.16149,-10.9474,-1.59402,9.45064,-7.01627,3.29474,1.4456,-9.7088,-4.76329,-6.34903,0.897201,-4.34602,-1.25071,-7.6326,4.48458,-2.63736,11.4278,-0.742972,22.8443,-13.2926,-17.9179,8.46737,6.94513,-0.19068,-4.60521,4.62396,0.985125,6.96843,2.06745,-12.6413,7.26201,-1.02307,-4.05007,-8.24918,18.2322,-6.22585,-4.9991
19,23.0787,-4.87312,0.438494,-27.869,-0.629299,-1.34129,-13.8646,-2.10133,-1.25386,-11.22,-1.26331,5.82829,10.9147,8.78957,-23.6274,-15.2515,4.31366,14.5317,-1.18876,-10.0151,2.37455,0.272293,2.76471,18.5458,17.4273,-3.7738,-4.45,-8.62687,3.51015,3.36345,-8.43675,-2.96525,-4.40724,-4.79175,14.2183,-6.80173,4.58779,18.0495,-11.8959,15.0008,-1.11695,-15.7605,-0.585467,-0.687372,15.0645,-13.7384,4.3198,1.17326,-13.2318,-13.5374,-2.14402,14.1,7.6537,2.70997,1.44807,8.24831,2.86357,6.2464,3.69108,5.43216,-17.9424,16.1103,-6.27448,2.42248,26.9328,-8.84179,-6.91566,16.7347,-13.0727,0.829805,8.74792,-9.60154,9.92879,5.12335,14.9747,9.43596,12.2877,-2.90975,-11.8563,-19.3376,2.83961,-27.3158,6.71249,24.9913,-7.1249,-5.1008,-1.70812,11.8804,-12.877,0.697548,-1.85653,0.957155,20.4068,-7.25758,2.56095,8.39274,9.48447,-18.567,11.6712,1.14499
20,-3.72578,-0.665379,-3.86519,-1.00914,-9.46642,1.13039,0.113353,-4.14852,3.21202,4.90097,-7.86055,-3.71848,-3.98365,-4.81175,4.40848,-0.745236,-1.46994,-10.3342,3.18331,-6.0596,0.0805372,1.4488,6.65814,-6.85392,-15.2236,0.904549,8.8561,6.32325,1.08392,-2.34339,4.07649,-4.77043,2.41894,2.60346,5.28325,13.7856,1.90281,-2.82537,0.181501,-9.1045,-3.42612,-1.79994,-2.58596,0.743407,-4.32561,5.81748,-0.0424343,-0.0700655,-1.30265,1.0131,4.00547,-4.47476,-3.50812,-1.62539,-6.8084,-4.12086,-2.62292,4.54056,1.34119,0.890879,4.56999,-0.949048,2.1109,-0.501759,0.895477,-2.74791,-12.0882,-0.983737,7.32978,4.71749,4.72377,6.08958,0.324551,0.912477,-3.35734,-1.78355,2.9598,6.15598,-0.554519,-1.86929,-0.134823,3.37064,-7.3951,-11.8502,-2.54035,-5.96667,-2.44546,-0.904964,-2.09357,7.28845,1.73834,1.55263,2.85278,-5.50132,5.18121,-0.433143,3.18067,-5.10647,-7.99177,4.00249
21,7.84769,-5.48577,-6.00068,-3.42064,-5.97531,7.12342,-6.33301,4.26748,-0.207309,-0.617769,-5.74265,-2.43622,2.55641,-3.09727,-0.747799,-6.38348,1.36962,0.397755,-12.9176,-3.28569,15.7992,2.86737,2.37851,3.96788,2.2609,2.98621,-3.40702,3.38043,2.96961,1.63374,1.49546,-1.56087,2.73081,1.66144,-1.46679,-2.65089,1.51983,12.5286,-11.4703,-2.91957,0.0147802,-3.94786,0.278757,1.53293,2.52436,3.82914,-7.26336,-3.74072,-6.25909,-12.2594,1.16708,10.6792,3.81353,2.97384,-4.95315,-2.66283,2.24705,-4.46343,5.92436,4.10251,-10.9365,5.70284,-0.212561,5.45608,15.257,-7.90385,-5.85945,-0.96248,-4.85356,0.858475,6.69652,1.17313,0.425232,2.02222,0.412025,13.9121,-6.00841,-1.40465,7.68479,-6.47327,1.39354,-8.00369,2.09582,13.1603,-14.6796,5.33308,-8.74368,1.4981,-5.09025,2.49762,-9.77435,1.45401,14.5248,-10.1038,1.19323,-2.38373,5.05749,-4.21475,0.594273,3.92195
22,3.94832,-0.124907,5.00403,1.22826,-4.75816,3.28896,8.97681,0.863399,-2.78634,3.08671,-3.68194,4.4022,2.41159,-3.88791,1.43588,4.57587,-4.32043,-4.8971,10.5887,0.746867,-4.96903,-2.33994,1.61628,-5.39843,-5.0741,6.39339,4.97443,-1.13865,-8.81623,6.70204,-2.83046,5.36396,-9.31177,5.56654,-6.31389,3.46917,-0.788041,-8.83773,2.45072,-0.325702,1.2175,6.49587,10.3822,-8.08754,4.99014,3.60052,-5.12423,-6.99324,3.93832,8.04694,-2.37804,5.53863,-10.4102,-1.60853,-7.40808,1.46184,0.928042,0.341083,-12.6096,-0.122786,6.75843,-1.78026,8.47822,-5.1472,-2.85328,8.36791,-7.35776,-2.93068,0.611663,0.845354,0.241739,-3.75678,-5.10023,-0.903706,-9.33783,-8.37536,1.67056,-3.76385,5.40089,7.847,-10.6222,1.8989,3.42112,-10.2603,0.756776,4.29531,5.29797,-3.66559,-0.483829,7.49042,10.2115,5.62299,-3.31811,-1.24513,-4.36033,1.82491,-0.398144,10.6738,0.0191266,-8.77625
23,2.98545,-4.61841,-1.28992,4.70032,9.98911,15.9651,3.73123,-1.32601,2.12516,5.82356,-0.451227,9.59451,0.253767,1.75917,5.02683,3.56325,3.23681,-5.13329,-2.75111,-4.61229,0.773188,4.29713,1.34539,6.35867,-0.847084,3.24817,-6.41046,-1.10015,3.70921,4.99165,-1.20415,0.274447,-7.34786,-1.29045,4.33624,2.79325,2.11808,-1.57473,2.04624,-4.98591,3.80257,3.70691,2.68424,-2.74956,-12.1545,6.86589,-2.67674,-4.46704,5.65674,-0.418581,4.51955,2.18079,2.00382,-7.52375,5.54594,1.14652,-3.41822,1.81293,-8.69671,1.5423,-3.09611,-8.46758,-6.58107,5.65672,-5.94999,8.74691,-1.99082,-10.567,-4.17837,6.74073,-1.4504,-3.33345,0.0282991,2.02726,3.838,5.92177,-2.57271,-5.7426,-1.1397,3.78218,-5.7123,-2.41584,0.576091,-2.64354,1.54414,-2.90265,-0.532925,-5.70057,5.57335,5.34595,-8.55093,-4.32089,-9.1613,-1.99665,-0.510478,-7.60131,-5.72557,-3.37649,-0.412995,-0.218488
24,-3.06636,0.795422,-2.88362,-2.1808,8.36469,6.60322,-6.66426,4.24644,4.18751,-6.07165,3.81915,7.54218,-5.39892,-4.41354,4.68359,1.01044,2.9858,2.19108,1.94385,-6.84423,5.57623,5.75198,-0.921971,0.262827,-7.46021,2.59406,3.08729,-0.510153,5.56656,-1.84831,2.75967,-5.24914,-0.175351,-0.989738,1.15412,-1.8279,-0.565495,4.56509,-2.66335,-7.63124,8.67437,6.52524,-6.51476,3.47701,-2.18393,0.988329,1.5385,-1.13551,-4.4409,-3.82029,-4.39493,-3.94349,0.00129892,-3.41332,3.53278,7.47432,-2.52544,0.935672,2.45444,2.47947,-0.109247,4.1198,2.16546,-6.21055,5.01435,4.17933,-3.98054,0.673817,3.08178,-1.18051,5.52488,11.9605,-3.74589,-6.79037,1.93616,3.92275,-0.969796,7.05463,-6.91423,2.87302,-2.81624,8.03176,10.2351,-3.26091,-3.0769,4.08575,-2.08328,0.0303401,-0.140697,-9.63883,-0.231346,-3.52653,-2.06532,6.91926,-6.26029,4.15022,-1.12863,-1.79066,4.29747,1.83504
25,9.93467,5.42131,-14.9329,-8.30433,1.19818,-3.82902,14.351,20.7348,11.0797,-6.91253,18.0659,-13.4116,-13.8529,5.74837,-2.74916,6.32906,4.61354,-11.8207,4.37625,-3.03618,-11.5343,16.6991,3.34128,13.2778,-4.53504,2.55111,-1.3374,1.95768,23.7223,-2.58745,-1.39482,-3.38579,8.98346,-12.6451,-4.22801,11.0164,11.8139,4.22937,-10.0962,-0.97326,-16.1116,1.34607,1.67826,-0.422401,1.62446,-3.6264,-2.7208,-0.736367,1.0834,14.5329,-0.325773,-14.8673,5.05487,-5.09781,-13.6991,9.12619,-9.04751,2.76046,-7.85507,-3.85099,-5.6176,-2.91856,-3.65445,-4.38475,0.82087,12.5353,7.54843,16.2957,4.86752,6.29166,-2.86113,0.208902,-4.56361,-4.21172,7.88438,0.103206,9.55168,6.49353,-7.82924,9.94172,-9.8093,13.9055,-1.33119,7.69272,4.63064,-15.9585,-17.7076,-1.24428,8.08883,-9.35104,0.473337,-2.66909,-13.8811,-13.4584,0.909377,-11.6012,-6.202,13.4836,4.67043,0.459458
26,-16.2458,2.53609,9.68974,-0.867008,-9.54122,-1.21147,-2.64141,-25.0913,-12.7992,6.66535,-11.9157,9.96111,15.0776,-6.83899,5.05037,-1.20322,-7.72581,1.1118,-3.06832,6.09594,15.5499,2.22717,-1.03832,-7.335,10.9106,-4.43887,10.3486,4.53286,-15.24,-5.36979,5.12972,1.10827,-5.0279,9.35966,10.5749,-6.74863,-5.76762,5.05825,-1.41433,3.19905,21.2225,-8.49306,-6.91622,-4.34589,4.7366,1.68865,-5.89121,-9.05091,3.97743,0.546964,-11.9082,12.8953,6.7212,11.9813,5.77965,-1.98125,-9.46339,1.79233,10.0603,10.9771,-5.34677,-1.23165,2.04349,0.745188,-2.81806,-20.9616,-7.89999,-18.8001,2.20399,-4.10621,-0.525745,-4.31173,4.27283,1.14425,0.015718,-15.3014,-0.413692,-9.28667,9.4242,-2.43041,14.7054,-13.1009,-0.614544,2.13308,2.50071,14.0149,13.1148,-7.45556,-7.93196,11.817,0.454084,-0.849627,13.0486,12.6517,4.89921,7.51224,8.47954,-18.6047,4.39926,3.81579
27,4.77543,5.68777,4.73443,3.01481,3.90429,5.34503,0.566156,5.94199,5.39896,7.6966,2.1898,1.18273,-4.16012,-4.1786,0.986873,-8.61848,4.80634,4.1356,-0.744858,1.10759,4.79132,-1.81741,-4.69113,13.3648,6.14403,0.0737182,3.67792,6.27542,1.67999,-1.19595,4.64453,8.92506,5.30443,-7.62966,9.07619,2.35733,1.10681,1.56608,6.21896,3.76917,-2.96668,5.38131,1.32632,3.24009,-16.8644,-3.80667,2.87867,-4.91749,0.317243,0.618965,11.8284,5.67128,-4.05432,-3.58124,-4.12435,0.330886,2.63272,-2.69059,-9.46247,-0.285839,2.92773,-5.36451,4.86705,-5.42955,3.39141,9.95003,4.85841,7.5058,-2.35133,2.01279,-2.25399,-0.742948,-2.11374,-9.33226,-4.55005,0.84783,-0.385827,-0.60193,-4.01319,2.85807,-0.309753,1.54984,-6.44355,-4.57833,-2.77775,-6.90748,-8.30824,-6.57262,2.56993,-2.71739,0.682552,-2.94062,-7.54865,-10.1499,-1.49442,-4.38929,1.59433,-3.94311,-2.33178,2.67673
28,2.44915,13.5906,-1.11934,-6.15305,0.953776,-8.81684,-0.488228,-1.0301,8.4302,-2.81257,2.79875,-6.66654,5.10841,-0.0888672,8.70435,5.08396,3.3143,1.68721,3.16271,-9.3746,-4.07567,4.60881,0.0804248,-3.81859,-2.23759,8.55027,5.49171,-0.542612,7.66085,-1.16991,-9.33235,-4.35311,9.15522,-3.10951,-1.67952,1.19968,11.0189,8.05139,10.2583,-1.06484,-1.23627,-5.9329,7.98169,-5.59692,-1.18661,-6.7377,-2.04399,-3.73531,-3.90865,-1.81183,-1.09847,2.98538,-6.45332,-0.419551,4.06808,-1.17181,-2.69705,-0.559874,3.84742,-0.859905,-2.77449,1.69627,-5.30132,2.1836,3.18758,1.61005,-1.48637,-1.61613,2.79837,7.75766,-3.84599,3.9019,-11.0974,-3.7788,-1.28298,-3.32492,-4.20057,-3.01283,-0.533696,-0.688487,-13.7124,-8.0196,-3.26454,2.62868,-13.9215,-5.27059,-5.03184,6.89213,0.686716,-0.0367202,-0.528189,-10.7355,0.888295,-1.89337,1.8213,19.552,-11.1051,11.3084,-1.72458,2.06729
29,-9.29377,-2.86421,14.1478,8.36007,-16.0661,3.37133,-1.57593,-24.2285,-25.0833,6.67013,-22.7209,22.4656,17.5939,-5.20175,6.14408,3.23911,-6.23447,4.27039,-6.58335,4.91637,12.2942,1.45536,-2.89881,-19.3268,12.1654,1.08494,3.82018,2.45184,-9.31536,1.00074,9.16332,-3.87303,-12.3913,15.0846,7.12146,-8.62936,-11.8982,-0.68314,-3.24586,-0.364696,21.0675,-12.1118,-0.335362,-2.38641,15.0746,1.6757,-4.90911,-17.6282,4.21661,-13.3894,-3.70521,10.887,7.83835,16.6255,7.23551,0.475329,-0.628033,-4.69524,17.833,5.31522,-3.42085,1.24204,-3.89015,1.96555,-0.666823,-19.9549,-14.2758,-19.5462,-9.83949,-8.20645,-5.65355,-9.88339,-2.91733,15.0071,11.2392,-6.72132,3.46257,-6.16377,14.5372,-0.471465,16.2604,-8.94967,5.02667,-0.572613,-7.18404,11.6255,13.6117,0.760523,-21.1279,23.6234,14.8971,3.50039,17.8573,16.5404,-0.492815,0.856906,5.34523,-22.1187,3.37356,-4.5133
30,-16.9266,-4.90739,11.782,14.9081,-4.12739,-6.98832,2.84172,-22.875,-13.1922,-2.04241,-16.8012,23.4747,10.8787,-14.3122,-0.704426,0.299588,-11.9616,-13.4053,-8.01979,1.4851,18.9479,-4.16525,-3.62599,-9.71746,0.190449,-2.08623,4.53854,3.36918,-16.5693,-3.02731,-8.51605,-4.5912,-4.20651,3.48806,2.52861,-10.7973,-8.94723,1.2309,-0.778879,0.268797,16.1577,-7.18379,-5.8154,-0.0473267,14.5363,-4.20827,1.44802,-3.85898,6.32482,1.7188,-14.7911,2.15672,3.04301,3.43157,18.4367,-11.0157,-7.08747,-1.84019,3.89367,6.86002,2.15907,1.82732,-1.48163,3.25965,-13.0989,-13.5976,-4.29416,-13.5114,0.526203,-4.3237,-3.16244,0.738721,4.20931,12.2911,1.77996,3.18257,1.54859,1.19075,10.8015,-2.44089,18.1767,-11.7747,-8.72372,-7.22886,-0.0407176,14.9345,11.3085,6.33414,-22.3669,10.1417,-3.12915,4.19768,13.7852,16.4406,-0.842629,6.7799,8.51404,-10.0465,0.739844,-0.145812
31,2.06088,4.73635,-2.24253,1.21032,1.58571,2.04257,-6.7774,14.3278,16.3449,-9.58631,6.56168,-14.1746,-14.6183,-0.498231,0.268343,4.96278,2.33459,-4.35114,9.60917,9.24166,-12.2235,-1.66008,3.64428,9.93962,-7.92191,3.80705,-12.2631,5.74089,10.9823,0.365835,-3.41939,0.796731,-3.75258,1.11291,-1.48516,12.0851,10.2371,-5.39255,-0.688572,-2.32422,-5.69305,-4.60071,1.68791,-2.12915,-6.14219,-2.22554,-0.24546,-1.91148,-3.7324,-1.25107,10.2181,-6.16617,-17.9324,-7.44123,-12.5864,-3.05768,-2.92295,2.71481,-0.858364,-5.12827,-3.4656,-0.365021,-1.52692,-7.94642,-1.58605,2.75753,7.94866,11.0935,-0.0285918,3.81825,-7.14044,8.92912,-9.00756,0.750697,-9.13521,0.712325,-5.57132,-1.31453,-2.41819,3.48569,-4.32849,12.0604,-6.36029,-0.409599,-4.57395,-3.48449,-14.7633,4.28725,14.0166,2.01058,-6.56308,3.25932,0.609663,-13.9512,-10.3085,-9.68981,1.06005,0.403272,-2.91243,4.49291
32,-4.36347,1.69373,11.0277,10.3105,-9.70909,-3.60758,-3.56865,-6.6878,-8.81924,2.48038,-5.77661,6.1709,20.7329,2.37051,5.26297,5.40622,-11.4083,-2.08135,-7.8034,2.69553,4.01876,2.46332,5.72942,-7.61228,8.24857,-5.0422,-1.66646,7.0522,-6.14144,-2.48587,0.721077,-11.0598,-9.98953,15.571,-4.80301,-8.38297,-0.1425,-6.00356,3.81236,5.62167,9.44653,8.63665,-10.407,4.45709,6.9854,8.18512,-0.906066,-5.22497,4.1502,-12.3449,-2.6634,5.57466,6.40499,10.5533,8.82745,-4.07942,-7.49101,-5.61032,13.025,13.5098,-0.781157,2.72993,-5.24957,10.0926,-0.629766,-1.18077,-13.7486,-11.6298,0.72756,-2.34308,1.20148,-9.9307,6.69649,6.56398,-0.682788,2.54741,4.18478,-0.455786,7.29381,1.91237,4.40784,-8.78275,-9.96602,3.20598,-7.17131,17.1001,6.64863,-0.887009,-12.1681,5.30699,11.3604,-12.1533,16.5929,11.959,-3.54581,-5.10265,10.7486,-14.0096,-4.77339,3.50635
33,4.79643,-4.43526,-4.73551,-7.42669,8.40719,5.43748,2.48714,8.16824,16.6225,-0.133156,0.952444,-4.82981,3.15608,-1.99575,-2.73728,4.13758,1.56424,-5.2289,8.03085,12.1353,-4.45845,-3.74336,-7.0857,7.79624,1.51181,2.43618,-1.51874,-3.41819,0.429358,5.51793,2.91965,-7.18251,10.6691,-0.658442,6.05956,-1.2358,-3.78978,-0.903896,0.818835,8.43487,-1.97594,2.13437,-3.92075,6.64087,-9.42938,5.60423,0.404479,8.8678,1.63126,1.10785,0.735698,-4.10086,0.257037,-2.70223,-7.07025,2.00003,2.20348,-9.44124,-1.87019,-8.61179,-6.00689,-9.90E+00,-8.54317,-9.25859,-1.22332,16.1544,2.86105,6.6038,2.25453,3.92692,-1.72496,-2.71053,5.91124,7.30012,-10.7009,-2.63819,-0.421358,-4.16123,-1.51648,-3.13795,5.71073,11.1944,0.595855,5.82515,5.15622,-8.4428,-8.95088,0.290185,9.60645,-3.26379,-10.3892,-4.1818,-6.36E+00,-6.40389,8.40205,-7.09067,1.13928,12.8921,10.7744,-0.742685
34,-2.91963,2.40814,11.0576,3.48669,-2.84941,-12.8875,3.70987,-10.387,-14.6538,10.4623,-15.262,10.2451,22.5595,-9.4927,-1.13952,-4.2958,1.02688,1.58884,-10.6582,-3.58778,6.3859,-1.73215,0.987389,-9.18055,-1.93736,5.21517,3.87308,7.74006,-7.98312,3.17797,5.18981,5.78501,-2.10063,5.62369,12.9879,-5.0394,-2.39661,-6.10599,-3.50498,2.41108,10.2667,-8.87028,-1.39318,7.09275,11.4562,-1.30802,-3.72159,-5.60979,1.11639,-5.17396,-8.16174,-2.1243,2.6265,2.54661,-7.54237,5.36533,2.30718,-3.96459,7.30263,0.574429,8.89478,12.0277,0.0449594,9.41633,-3.14582,-17.7504,-11.5707,-9.24109,-2.70951,-6.76095,1.86051,-6.06229,2.58859,-2.29583,0.377941,-10.7226,3.19533,-11.6741,12.7778,6.05965,7.34952,-22.0962,-0.997499,-1.51666,-4.40632,7.16528,16.0874,3.49879,-13.8015,-1.12929,2.70321,-0.776804,12.8578,7.76207,5.08794,9.95421,6.48322,-9.67591,0.0940343,-3.99962
35,10.6243,-2.74965,-8.62477,-3.23944,1.90703,-6.66364,1.35188,9.36925,14.3912,-2.86816,16.5418,-15.1492,-2.50471,-4.05608,0.759261,5.5036,-1.1884,1.63919,10.0811,-10.2702,-5.75985,-11.2845,-3.82574,18.0428,-9.00494,-5.77762,-3.2816,9.62182,-0.198706,-3.21189,4.9785,10.1193,3.62011,-11.563,9.05177,16.3001,8.01796,-4.30395,-2.82359,-1.63375,-6.72157,12.3474,6.23931,-4.64021,-0.1236,-2.29514,6.21352,8.72437,-8.24025,2.54799,2.41216,-11.4844,-1.13308,7.86053,-15.4388,4.14062,5.95687,2.44445,-6.89509,-12.1443,0.798523,-6.01515,-10.3012,2.19851,8.32366,9.9755,9.49705,14.0649,1.50521,9.49659,-3.52229,11.5278,-0.439553,-1.67021,-9.83003,5.21014,-2.67258,-2.18526,-10.2318,-4.56543,2.84397,14.6299,8.89145,-5.06456,-0.211537,-15.0209,-10.8861,-4.74355,14.2573,-8.00343,1.53266,2.76555,2.40688,-16.5629,4.07431,5.48772,-6.97923,13.3205,0.794083,0.808599
36,-1.45315,-3.37701,5.24995,-1.97086,6.40485,-3.84227,-4.04781,10.8741,-0.0322193,-2.18912,6.0655,-5.52353,-7.14509,4.62362,2.6653,5.43905,-3.35353,-1.69346,8.05431,4.93294,-11.5373,2.42495,-9.32485,5.82464,6.04571,-4.68762,-5.46612,3.41477,-2.65343,-2.00892,1.56528,-2.70221,1.15694,0.689144,1.30149,6.03783,0.915652,1.71366,-2.07501,1.81913,-7.21545,1.96341,-3.90927,0.246695,-8.01214,-7.75087,2.86247,1.84973,2.39934,-0.615311,4.90355,0.695176,0.604751,-6.78135,-2.77674,4.25055,1.59148,-9.39931,-2.77252,7.87245,-2.00659,-4.90068,2.233,-0.569973,7.95845,-0.800927,8.37405,7.86223,-0.494122,4.50424,3.99796,7.16752,-6.86929,2.60942,-2.28884,2.49675,1.20598,-0.182923,2.48213,0.0139151,-9.99192,2.53571,0.492235,6.73908,2.69477,-9.08376,8.24204,1.23751,10.929,-4.16005,0.515283,4.05328,0.944768,0.109948,3.10605,-1.71352,-4.05181,6.34242,4.16485,-0.0144852
37,7.6864,7.45654,-9.00704,-5.93232,1.5061,1.63741,-2.75433,11.5981,8.06535,0.0971546,-1.9607,-11.9617,-4.12741,-8.32193,4.35589,0.772453,17.6102,11.2982,0.934505,-0.124736,0.841123,9.10681,-7.68885,-3.98338,-6.15819,2.95958,1.33841,4.99,-1.51864,-10.5584,3.03574,-3.72561,-8.02381,-1.95856,3.25215,3.55368,0.0223686,-0.917778,-3.14213,-7.15621,-7.76132,5.1526,2.52951,1.21364,-8.47878,-2.83791,-9.49623,1.58822,5.80312,-6.0071,-0.394924,-0.177021,4.8309,-4.58975,-6.58047,-7.6936,1.89427,11.1249,-1.77793,-2.93551,1.42771,-1.17113,-3.74085,2.22918,2.89467,4.94666,-0.700994,10.8642,3.51527,-0.276351,3.99168,-0.00390133,-4.93176,-5.11875,-10.5952,4.24539,-8.41213,-5.63914,-13.4554,-0.0474753,-4.64154,2.3531,-5.56808,-5.33621,2.03795,-7.02946,-2.122,-4.5027,4.93499,3.50525,1.02621,-2.1896,-3.26966,-5.78615,-1.07152,-1.75E+00,-1.87784,5.20287,-5.41011,-4.1064
38,-7.03014,-8.00852,-5.92251,0.862043,-4.54571,2.56439,0.178439,-10.0217,3.05469,4.0577,-5.1626,2.30031,-4.07759,0.401646,-6.2963,-9.02343,-1.96574,-0.609704,-2.05661,-5.93522,-1.84628,1.32459,-0.243031,0.729227,-3.23769,5.85689,-5.83842,2.45109,5.74354,2.36668,-0.966165,-2.65687,5.10382,-7.01547,-4.82419,-2.14201,6.10265,1.90332,-4.79248,-1.53613,-2.91651,-3.64325,4.86033,-6.87254,8.17365,4.21264,5.40286,-2.34047,-0.700031,-7.21626,-2.71719,2.53578,6.5334,-5.4488,-1.712,-0.836163,-7.02995,2.92287,-3.50274,-0.872355,-2.25298,-3.90537,-0.0472332,-1.00815,-1.92469,-3.82226,1.44296,8.1071,0.692334,4.88843,-6.91343,0.696809,-5.449,-7.33573,-3.63242,5.88958,4.72254,1.19639,-7.54952,-0.995584,1.65257,0.73003,-9.20581,-4.47103,-0.309874,2.83985,-10.8435,-0.807788,0.565997,4.35958,3.53483,2.91758,-3.83097,-9.37028,-1.92412,5.01269,7.00639,3.39932,2.16312,1.86216
39,-5.92798,-0.908249,14.2459,-2.3825,5.12992,-1.7426,6.80249,-13.4836,-4.99716,-3.55041,-14.0348,8.26953,12.424,-7.34611,-6.55202,-2.54352,-2.29677,3.06345,2.29231,-0.839675,14.7932,0.333247,-2.40052,-14.6558,2.75072,-1.74312,6.32947,2.79089,-11.87,-0.501835,5.03009,7.08633,1.67934,7.38273,1.25206,-3.61039,3.16538,-6.5026,-0.0282354,-3.30821,7.47965,2.75618,-4.21302,-12.4493,2.60962,7.14123,0.836023,1.21315,0.388263,-8.21323,-0.803148,-1.74134,12.8316,5.98404,1.25571,-5.92494,-2.30082,-2.41688,9.8038,4.69756,-3.41455,10.9398,-0.185756,6.3605,-5.39562,-4.66255,-4.01223,-15.2438,9.8207,3.13555,-0.629389,-8.82329,3.10013,2.1938,4.09816,-1.55902,1.53974,6.56576,6.94382,-5.75878,11.9994,2.88763,16.2339,-6.31742,1.59295,-4.70823,7.70413,-2.63906,4.24433,0.141779,-5.90642,-2.18628,-3.80323,9.86593,-8.84418,0.305278,-8.98084,-7.12469,8.80799,0.50592
40,-7.50856,-0.417548,6.07262,4.72581,-9.81915,2.82854,-13.3442,-9.68851,-10.4781,3.30193,-6.94195,0.248721,2.55409,-2.17135,0.560821,-5.00887,-4.28959,3.80716,-5.07824,-0.990592,16.442,-7.91728,-9.93688,-2.77169,0.727249,-1.65323,-2.35662,-0.81388,1.93659,2.6286,6.00678,-7.64266,-8.55225,-10.5672,-3.08205,-0.845548,-0.540222,-0.944037,1.63133,-2.88209,6.68523,0.38731,-9.32464,0.993541,9.39777,0.534111,1.62565,13.1326,1.29135,0.123205,-7.11684,3.37008,4.23899,4.14921,-0.881762,-1.87604,5.44938,1.00687,9.08817,2.63272,3.99649,2.90455,-5.19286,4.14385,-7.34567,-9.7325,-4.69847,-4.38982,-6.20538,1.90618,4.23546,-6.88158,-6.30668,1.06024,0.122319,-1.98616,-2.82082,-10.7174,2.21856,-2.04568,8.42693,-8.88027,8.87354,-10.2679,6.93963,4.65987,9.3049,0.502369,0.250257,2.13381,-2.91834,7.27492,5.59117,7.30309,7.67557,-4.99452,4.40524,-8.54939,-0.0615425,-0.953943
41,-3.91659,-3.60041,0.0352528,1.77702,3.03966,1.36648,-1.67089,14.1282,8.02585,1.00724,13.6551,-12.0605,-0.607189,-4.09738,7.07417,0.510404,0.904371,-9.81661,0.522758,-4.58107,-9.32002,0.210806,5.55018,8.5524,-3.09008,-5.40791,-6.14393,8.44869,3.12673,9.83347,-3.12003,0.642189,8.49308,2.28395,-1.63787,4.38184,3.23062,1.5061,2.49881,-0.610519,-3.26499,12.0582,3.30528,2.12518,-12.914,-16.085,4.05125,0.582516,-4.61051,3.28824,3.54699,2.87132,-1.74596,-7.30105,0.214248,2.1807,4.7238,-0.998326,-8.05483,-3.86763,-0.213298,0.704975,-0.850889,-12.0476,0.517633,11.347,4.8542,5.36857,5.22306,0.218592,-9.25902,2.96877,-3.9724,-6.83603,-3.51891,5.32401,1.08272,2.29884,4.39384,-1.13299,-4.51521,3.50764,-4.77117,-2.12738,-2.8249,-4.69687,6.12111,-3.69632,4.03601,-4.88809,-0.913203,1.1241,-0.497372,-19.0911,-13.6216,-2.66502,3.88269,-1.53793,-15.7114,4.3334
42,3.53511,-5.26116,-9.27118,-6.56407,2.71977,-3.03407,2.34126,-9.52558,1.55066,-5.7285,3.8405,-7.9732,-1.44078,-6.99899,-0.466739,4.32596,10.6521,-2.64575,3.42994,-8.6199,-16.02,4.80387,0.464206,10.7494,-9.85858,2.64455,8.21935,1.74632,5.7798,1.04618,-9.08551,7.18554,-1.02396,-0.111757,-8.51568,-1.81044,9.44424,-1.85524,6.00103,-0.799427,-13.3198,6.95938,-2.0454,3.85987,-3.31212,-9.61024,2.18484,11.6641,1.1486,1.05072,7.86449,-0.735461,-0.359103,-7.76326,-1.89221,7.2884,-2.82874,8.02007,-3.56465,-7.21066,4.80884,-2.52898,4.11579,-3.31107,1.43404,7.23642,5.55299,-5.71149,-5.41802,7.08922,-1.65928,-0.180703,-7.79569,-6.69447,-11.8166,1.34632,-2.26236,-4.33918,-3.3611,2.19564,6.64808,-3.64666,5.44829,5.38075,-4.17411,-3.18132,-5.92337,0.853399,11.5007,0.0726525,0.673695,-2.27671,-11.8916,-5.5403,4.94269,-7.75582,-6.31206,4.69703,-5.35839,-3.00765
43,-3.77911,-6.96423,-1.75641,4.74701,-8.09061,-8.05927,-3.05759,0.255868,-5.16814,-2.25248,-3.45073,-4.94075,6.36674,0.26977,-1.54882,3.92958,-6.61893,5.80941,-0.523578,-1.96913,2.8117,-0.952174,5.74865,-8.86567,-1.6677,5.14922,-2.17126,4.75519,5.34469,-2.72839,4.28949,-6.06076,2.31796,2.88577,2.86744,-6.15806,-9.93211,2.60139,-9.40979,-1.29403,7.65296,-0.83228,9.09352,4.86283,-0.804389,1.495,-1.21436,-8.40054,-3.75821,-3.76335,-11.9648,1.52001,-0.236729,-6.71173,4.21607,2.06569,0.166119,-2.2639,5.18424,5.38844,1.66559,-3.33796,1.15485,7.30545,-4.22579,7.07068,-5.56671,-2.89673,-3.49737,-0.634639,-7.99513,-4.47818,-4.7416,1.60575,6.19659,1.90166,-12.3816,9.85633,3.64203,-4.15192,3.52301,-1.92443,-3.08429,0.620168,-2.83758,0.987719,-0.825026,-7.10955,-2.10651,5.04545,3.9147,4.18937,4.82753,0.561323,4.98008,-6.70156,-3.76013,-7.73602,5.71225,4.02925
44,-0.667142,5.10528,1.42222,4.0409,-3.52895,4.10379,-0.403227,-8.28465,-5.11205,4.51243,-10.2035,6.7718,1.98195,-15.5684,1.93226,0.989179,-0.523427,-9.43043,-4.17581,-11.6268,12.2876,-6.20726,5.61791,-1.77701,-0.495377,-5.72426,3.25857,-3.74979,-5.37775,-3.75831,-7.25658,-11.6985,-1.58645,0.72101,-1.82703,-1.99552,2.82787,-1.20367,-0.00790677,3.04765,-1.27835,-2.23201,1.54834,2.91028,-5.07791,-1.26866,-6.21772,-0.415458,4.16712,5.69072,-5.80751,-0.0915405,7.63291,4.57089,10.4394,-1.38455,-7.59618,-7.86808,-3.59654,7.02344,6.18321,10.7137,3.78923,8.29554,-5.22187,-12.1702,-1.24005,-3.62665,0.285102,-1.33473,2.95367,3.15315,7.81833,4.45696,6.51661,0.0883628,-3.28354,3.12137,-2.92617,4.76605,-0.858061,-3.8126,-3.75875,2.07672,0.203654,-2.35071,6.97329,-2.78907,-0.89254,3.96572,4.48132,-4.62017,3.04318,3.73237,5.74417,8.54761,-2.63719,-0.0622486,-10.2655,-7.25025
45,-2.65192,-6.587,-11.9336,0.479103,0.933197,1.98717,3.33304,5.71734,8.68336,-0.438475,-1.19935,0.404821,-7.96575,-2.5537,-1.53139,-3.14558,-0.821599,1.50123,3.41293,-4.11988,-6.19228,5.90789,2.93688,14.8656,3.13485,5.76311,-7.97919,3.49367,3.79952,-1.82724,-0.29811,5.10297,4.38125,-6.82774,3.06466,0.590475,3.18099,-1.62652,-2.26418,3.45375,-9.00111,12.0364,-8.2696,-2.64957,-1.32763,1.16991,0.758096,0.344452,0.835761,0.0819563,9.26592,2.54295,3.06352,-6.96195,-3.22734,0.449516,-3.77844,2.63067,-5.55992,0.714398,-5.51675,7.58284,-4.18746,-0.615969,5.56166,1.55552,8.05153,-2.20173,7.43459,2.32861,-3.90529,0.758048,3.11746,-4.12027,-5.32555,0.605212,-5.21006,9.55922,-5.6245,4.50551,-2.48241,-1.30521,-0.35208,4.39637,-1.19892,2.08486,1.74673,4.52519,1.35827,-8.13154,-4.7962,0.865485,-1.4049,-15.0163,-1.04863,0.679522,-2.3461,10.2152,1.70663,7.43386
46,-3.74633,4.46885,13.1744,8.53274,-7.95491,-1.3806,-1.57728,-3.0179,-3.28389,-4.08141,-5.55617,-4.01924,13.4593,-5.20639,1.0783,-3.31411,4.15465,-13.9149,-2.16355,-0.988796,2.40485,7.96358,-5.00292,-1.73099,5.22439,6.25576,-2.04144,-3.25947,0.419775,0.971752,-6.30776,-3.16574,-0.404877,7.22061,-2.58991,-19.275,0.00485219,-5.96496,-8.63035,-13.6917,8.8007,-2.23317,-2.1688,6.52339,7.14376,10.2621,-8.53284,-0.958788,-6.56854,-2.68723,-4.10637,5.19188,1.84694,5.77011,7.04076,8.34479,-3.13207,-5.73819,4.80538,-0.821199,7.61619,-0.1558,-3.19413,-0.224715,1.59731,-6.27715,-7.92548,3.41664,-4.49746,-2.63297,4.41086,-10.9626,3.55549,-3.78416,6.07932,-6.94563,2.62385,4.96087,7.78359,0.824078,3.23769,-7.38546,7.75641,-4.09049,-4.86463,8.15793,0.203226,-4.66395,-11.7701,0.986924,1.73794,1.35952,9.90274,7.81138,0.300573,-0.852889,3.74387,1.68347,1.13236,-3.44477
47,-5.88232,-7.30126,5.05235,3.56956,2.02816,-0.681932,7.08581,-4.3017,2.4644,-0.154794,-5.0713,5.0559,4.19969,0.874456,0.681451,-0.797385,11.3995,6.01516,2.8979,0.400738,6.64454,2.36016,-0.0639227,-3.44224,0.780752,-15.87,1.49865,-2.30283,6.22119,-0.300852,-5.45702,-0.410934,-6.03507,3.41077,1.7323,3.16988,-4.85337,0.217083,-6.32375,3.66924,4.22299,1.48884,-0.350116,1.92868,9.38399,-0.674761,0.153022,-5.70123,-3.81974,-0.0412065,4.53395,-0.572633,-0.622181,-1.12107,-1.46076,0.638352,-8.02182,6.04905,-2.09639,4.70778,-6.27894,3.77807,3.23364,2.65493,-5.65887,-0.641713,-7.53922,-2.95418,5.07249,3.01586,0.471586,-5.84001,3.62528,0.61033,-10.925,3.17905,-0.410341,5.81661,-4.27956,-16.0324,2.90817,-0.0925201,-8.31523,-5.09665,13.8865,0.135108,5.09516,-3.22356,-12.0186,0.319708,-0.587338,-1.9498,1.19844,3.10355,-0.318558,-6.27249,2.84166,-11.3578,-10.0794,3.31752
48,-2.97282,-0.738385,3.34878,0.538452,-6.46568,-8.21128,-3.38832,-8.02499,-6.73517,-1.86365,-8.39486,2.9892,16.2063,-9.48219,3.18708,-4.88628,3.34779,-3.80894,-1.15939,-2.34709,8.86097,-2.29814,-5.39804,-11.617,6.79879,1.09912,3.09643,4.82731,-5.83545,-7.63855,7.27063,-6.90088,-1.88753,9.36107,-7.89123,-9.25102,-7.73624,-3.51157,9.76244,-2.29778,5.73992,-5.56265,1.27868,-1.57936,14.0056,7.15914,-14.1323,-4.27095,0.320192,-0.784833,-19.0384,16.9977,5.99954,6.22451,13.186,6.69924,1.14056,2.61017,8.03781,5.88197,-1.95267,-1.52734,-4.19159,-2.34926,-4.49971,-19.7601,-8.78904,-10.3239,0.287252,-8.41658,17.7583,1.00469,-3.83865,4.24489,1.01965,-9.47699,-8.43542,0.987234,3.77387,3.94576,14.0454,-2.43246,-3.43315,1.15192,3.82471,7.60807,4.78331,8.22601,-8.26509,10.2058,0.333728,-5.79886,7.78262,10.0731,-2.72894,0.236009,-5.97814,-15.2658,4.38897,0.748643
49,1.79999,-4.78072,-12.1849,-4.64974,6.739,4.79945,-2.69208,1.93612,10.8072,-4.27706,5.72023,-1.94598,-4.67537,4.51821,-7.48603,3.54656,7.53446,-2.2626,9.68873,7.11183,1.73045,2.46735,3.73531,14.9519,-2.61728,-2.43308,-4.06776,0.621262,0.681773,0.91186,3.4851,-10.2948,10.9669,1.33755,-3.4355,9.34845,3.69719,5.9573,2.86021,-7.66284,-3.73333,3.02692,1.88112,-3.04628,3.16177,2.12597,-1.48659,-5.56487,-4.0643,4.34411,5.2378,3.36308,1.66691,1.10744,-3.33336,-3.5208,1.21463,6.75692,-5.29773,-1.98221,-1.88472,-6.92586,-0.100364,-1.46034,-0.466132,6.55921,1.95309,12.5187,-1.16689,11.2266,6.02337,3.5507,-6.66946,-12.5321,-10.1311,-3.86287,8.0766,1.38032,-2.95314,-10.4923,-12.1849,10.7844,0.868191,0.100019,2.37207,1.36795,-7.00384,0.22508,7.38061,7.16503,-13.5301,3.21302,-7.82932,-4.46471,-5.05611,-0.439508,1.87501,22.1617,3.33415,-2.69075
